entryDate,exitDate,signalType,side,strike,expiry,entryLimit,initialStop,target1,trailingStop,finalTarget,exitPrice,profit,capitalAfter
2020-01-03,2020-01-06,BB_reversal,short,12150,09-Jan-2020,23.70,13.70,53.70,43.70,103.70,103.70,6000.00,21000.00
2020-01-06,2020-01-06,BB_reversal,short,11950,09-Jan-2020,36.00,26.00,66.00,56.00,116.00,26.00,-750.00,20250.00
2020-01-07,2020-01-07,BB_reversal,short,12000,09-Jan-2020,17.65,7.65,47.65,37.65,97.65,37.65,1500.00,21750.00
2020-01-10,2020-01-13,BB_reversal,short,12200,16-Jan-2020,39.00,29.00,69.00,59.00,119.00,29.00,-750.00,21000.00
2020-01-31,2020-01-31,breakout,short,11900,06-Feb-2020,97.05,87.05,127.05,117.05,177.05,87.05,-750.00,20250.00
2020-02-01,2020-02-01,breakout,short,11600,06-Feb-2020,81.10,71.10,111.10,101.10,161.10,71.10,-750.00,19500.00
2020-02-10,2020-02-10,breakout,short,12000,13-Feb-2020,34.00,24.00,64.00,54.00,114.00,54.00,1500.00,21000.00
2020-02-17,2020-02-18,breakout,short,12000,20-Feb-2020,20.35,10.35,50.35,40.35,100.35,100.35,6000.00,27000.00
2020-02-24,2020-02-24,breakout,short,11800,27-Feb-2020,65.70,55.70,95.70,85.70,145.70,55.70,-750.00,26250.00
2020-02-26,2020-02-26,breakout,short,11650,27-Feb-2020,17.40,7.40,47.40,37.40,97.40,37.40,1500.00,27750.00
2020-02-28,2020-02-28,breakout,short,11150,05-Mar-2020,142.00,132.00,172.00,162.00,222.00,162.00,1500.00,29250.00
2020-03-02,2020-03-02,breakout,short,11100,05-Mar-2020,120.00,110.00,150.00,140.00,200.00,200.00,6000.00,35250.00
2020-03-06,2020-03-06,breakout,short,10950,12-Mar-2020,139.00,129.00,169.00,159.00,219.00,219.00,6000.00,41250.00
2020-03-09,2020-03-09,BB_reversal,long,10500,12-Mar-2020,112.05,102.05,142.05,132.05,192.05,192.05,6000.00,47250.00
2020-03-09,2020-03-09,breakout,short,10400,12-Mar-2020,105.95,95.95,135.95,125.95,185.95,185.95,6000.00,53250.00
2020-03-16,2020-03-16,breakout,short,9150,19-Mar-2020,398.00,388.00,428.00,418.00,478.00,388.00,-750.00,52500.00
2020-03-17,2020-03-17,breakout,short,8900,19-Mar-2020,270.55,260.55,300.55,290.55,350.55,290.55,1500.00,54000.00
2020-03-18,2020-03-18,breakout,short,8500,19-Mar-2020,197.00,187.00,227.00,217.00,277.00,217.00,1500.00,55500.00
2020-03-23,2020-03-23,breakout,short,7600,26-Mar-2020,359.00,349.00,389.00,379.00,439.00,379.00,1500.00,57000.00
2020-03-30,2020-03-30,breakout,short,8250,01-Apr-2020,227.00,217.00,257.00,247.00,307.00,307.00,6000.00,63000.00
2020-04-17,2020-04-17,breakout,long,9350,23-Apr-2020,151.00,141.00,181.00,171.00,231.00,171.00,1500.00,64500.00
2020-04-22,2020-04-22,breakout,long,9250,23-Apr-2020,41.80,31.80,71.80,61.80,121.80,31.80,-750.00,63750.00
2020-04-27,2020-04-27,breakout,long,9350,30-Apr-2020,90.00,80.00,120.00,110.00,170.00,110.00,1500.00,65250.00
2020-04-28,2020-04-28,breakout,long,9450,30-Apr-2020,59.70,49.70,89.70,79.70,139.70,79.70,1500.00,66750.00
2020-04-29,2020-04-29,breakout,long,9600,30-Apr-2020,15.90,5.90,45.90,35.90,95.90,35.90,1500.00,68250.00
2020-05-13,2020-05-13,breakout,long,9450,14-May-2020,75.00,65.00,105.00,95.00,155.00,155.00,6000.00,74250.00
2020-05-18,2020-05-18,breakout,short,8800,21-May-2020,118.00,108.00,148.00,138.00,198.00,138.00,1500.00,75750.00
2020-05-27,2020-05-27,breakout,long,9350,28-May-2020,25.35,15.35,55.35,45.35,105.35,45.35,1500.00,77250.00
2020-05-29,2020-05-29,breakout,long,9600,04-Jun-2020,62.00,52.00,92.00,82.00,142.00,52.00,-750.00,76500.00
2020-06-02,2020-06-02,breakout,long,10050,04-Jun-2020,50.00,40.00,80.00,70.00,130.00,40.00,-750.00,75750.00
2020-06-03,2020-06-03,breakout,long,10100,04-Jun-2020,38.95,28.95,68.95,58.95,118.95,118.95,6000.00,81750.00
2020-06-05,2020-06-05,breakout,long,10200,11-Jun-2020,109.95,99.95,139.95,129.95,189.95,99.95,-750.00,81000.00
2020-06-10,2020-06-10,breakout,long,10200,11-Jun-2020,29.95,19.95,59.95,49.95,109.95,19.95,-750.00,80250.00
2020-06-16,2020-06-16,breakout,long,9950,18-Jun-2020,68.00,58.00,98.00,88.00,148.00,148.00,6000.00,86250.00
2020-06-19,2020-06-19,breakout,long,10300,25-Jun-2020,99.60,89.60,129.60,119.60,179.60,89.60,-750.00,85500.00
2020-06-23,2020-06-23,breakout,long,10550,25-Jun-2020,37.50,27.50,67.50,57.50,117.50,27.50,-750.00,84750.00
2020-06-26,2020-06-29,breakout,long,10450,02-Jul-2020,72.00,62.00,102.00,92.00,152.00,62.00,-750.00,84000.00
2020-07-01,2020-07-02,breakout,long,10450,02-Jul-2020,33.00,23.00,63.00,53.00,113.00,113.00,6000.00,90000.00
2020-07-06,2020-07-06,breakout,long,10800,09-Jul-2020,69.00,59.00,99.00,89.00,149.00,59.00,-750.00,89250.00
2020-07-13,2020-07-13,breakout,long,10850,16-Jul-2020,60.40,50.40,90.40,80.40,140.40,80.40,1500.00,90750.00
2020-07-17,2020-07-17,breakout,long,11000,23-Jul-2020,64.55,54.55,94.55,84.55,144.55,54.55,-750.00,90000.00
2020-07-20,2020-07-20,breakout,long,11100,23-Jul-2020,44.05,34.05,74.05,64.05,124.05,34.05,-750.00,89250.00
2020-07-21,2020-07-22,breakout,long,11200,23-Jul-2020,48.20,38.20,78.20,68.20,128.20,68.20,1500.00,90750.00
2020-07-28,2020-07-28,breakout,long,11350,30-Jul-2020,35.00,25.00,65.00,55.00,115.00,25.00,-750.00,90000.00
2020-08-03,2020-08-03,BB_reversal,long,10950,06-Aug-2020,71.00,61.00,101.00,91.00,151.00,151.00,6000.00,96000.00
2020-08-04,2020-08-04,breakout,long,11150,06-Aug-2020,32.95,22.95,62.95,52.95,112.95,22.95,-750.00,95250.00
2020-08-10,2020-08-10,breakout,long,11300,13-Aug-2020,62.00,52.00,92.00,82.00,142.00,82.00,1500.00,96750.00
2020-08-11,2020-08-12,breakout,long,11400,13-Aug-2020,27.50,17.50,57.50,47.50,107.50,17.50,-750.00,96000.00
2020-08-17,2020-08-17,breakout,long,11300,20-Aug-2020,52.50,42.50,82.50,72.50,132.50,42.50,-750.00,95250.00
2020-08-18,2020-08-18,breakout,long,11450,20-Aug-2020,26.60,16.60,56.60,46.60,106.60,16.60,-750.00,94500.00
2020-08-24,2020-08-24,breakout,long,11500,27-Aug-2020,49.50,39.50,79.50,69.50,129.50,69.50,1500.00,96000.00
2020-08-26,2020-08-27,breakout,long,11600,27-Aug-2020,10.50,0.50,40.50,30.50,90.50,0.50,-750.00,95250.00
2020-08-28,2020-08-28,breakout,long,11700,03-Sep-2020,58.00,48.00,88.00,78.00,138.00,48.00,-750.00,94500.00
2020-09-01,2020-09-01,breakout,long,11550,03-Sep-2020,45.90,35.90,75.90,65.90,125.90,65.90,1500.00,96000.00
2020-09-02,2020-09-03,breakout,long,11600,03-Sep-2020,13.85,3.85,43.85,33.85,93.85,3.85,-750.00,95250.00
2020-09-08,2020-09-08,breakout,short,11250,10-Sep-2020,51.30,41.30,81.30,71.30,131.30,41.30,-750.00,94500.00
2020-09-15,2020-09-16,breakout,long,11600,17-Sep-2020,18.15,8.15,48.15,38.15,98.15,38.15,1500.00,96000.00
2020-09-16,2020-09-17,breakout,long,11650,17-Sep-2020,11.00,1.00,41.00,31.00,91.00,1.00,-750.00,95250.00
2020-09-21,2020-09-21,breakout,short,11150,24-Sep-2020,65.65,55.65,95.65,85.65,145.65,55.65,-750.00,94500.00
2020-09-22,2020-09-22,breakout,short,11150,24-Sep-2020,45.00,35.00,75.00,65.00,125.00,125.00,6000.00,100500.00
2020-10-05,2020-10-05,breakout,long,11550,08-Oct-2020,53.90,43.90,83.90,73.90,133.90,73.90,3000.00,103500.00
2020-10-06,2020-10-06,breakout,long,11700,08-Oct-2020,35.00,25.00,65.00,55.00,115.00,25.00,-1500.00,102000.00
2020-10-07,2020-10-08,breakout,long,11800,08-Oct-2020,15.20,5.20,45.20,35.20,95.20,95.20,12000.00,114000.00
2020-10-09,2020-10-09,breakout,long,12000,15-Oct-2020,72.00,62.00,102.00,92.00,152.00,62.00,-1500.00,112500.00
2020-10-16,2020-10-16,breakout,long,11800,22-Oct-2020,79.00,69.00,109.00,99.00,159.00,99.00,3000.00,115500.00
2020-10-19,2020-10-19,breakout,long,11950,22-Oct-2020,45.80,35.80,75.80,65.80,125.80,65.80,3000.00,118500.00
2020-10-27,2020-10-27,breakout,long,11950,29-Oct-2020,32.95,22.95,62.95,52.95,112.95,22.95,-1500.00,117000.00
2020-11-04,2020-11-04,breakout,long,11950,05-Nov-2020,40.00,30.00,70.00,60.00,120.00,60.00,3000.00,120000.00
2020-11-06,2020-11-06,breakout,long,12300,12-Nov-2020,78.00,68.00,108.00,98.00,158.00,68.00,-1500.00,118500.00
2020-11-09,2020-11-09,breakout,long,12500,12-Nov-2020,66.00,56.00,96.00,86.00,146.00,56.00,-1500.00,117000.00
2020-11-10,2020-11-10,breakout,long,12700,12-Nov-2020,55.00,45.00,85.00,75.00,135.00,45.00,-1500.00,115500.00
2020-11-11,2020-11-11,breakout,long,12800,12-Nov-2020,25.90,15.90,55.90,45.90,105.90,15.90,-1500.00,114000.00
2020-11-18,2020-11-19,breakout,long,13000,19-Nov-2020,14.40,4.40,44.40,34.40,94.40,4.40,-1500.00,112500.00
2020-11-20,2020-11-20,breakout,long,12900,26-Nov-2020,69.10,59.10,99.10,89.10,149.10,89.10,3000.00,115500.00
2020-11-23,2020-11-23,breakout,long,13000,26-Nov-2020,48.50,38.50,78.50,68.50,128.50,38.50,-1500.00,114000.00
2020-11-24,2020-11-24,breakout,long,13150,26-Nov-2020,33.65,23.65,63.65,53.65,113.65,23.65,-1500.00,112500.00
2020-12-01,2020-12-01,breakout,long,13150,03-Dec-2020,55.95,45.95,85.95,75.95,135.95,45.95,-1500.00,111000.00
2020-12-04,2020-12-04,breakout,long,13300,10-Dec-2020,69.15,59.15,99.15,89.15,149.15,59.15,-1500.00,109500.00
2020-12-07,2020-12-07,breakout,long,13400,10-Dec-2020,44.00,34.00,74.00,64.00,124.00,34.00,-1500.00,108000.00
2020-12-09,2020-12-10,breakout,long,13600,10-Dec-2020,12.05,2.05,42.05,32.05,92.05,2.05,-1500.00,106500.00
2020-12-14,2020-12-14,breakout,long,13600,17-Dec-2020,61.85,51.85,91.85,81.85,141.85,81.85,3000.00,109500.00
2020-12-16,2020-12-17,breakout,long,13700,17-Dec-2020,26.50,16.50,56.50,46.50,106.50,46.50,3000.00,112500.00
2020-12-22,2020-12-22,breakout,long,13500,24-Dec-2020,57.70,47.70,87.70,77.70,137.70,47.70,-1500.00,111000.00
2020-12-23,2020-12-24,breakout,long,13650,24-Dec-2020,17.95,7.95,47.95,37.95,97.95,97.95,12000.00,123000.00
2020-12-28,2020-12-28,breakout,long,13950,31-Dec-2020,51.20,41.20,81.20,71.20,131.20,41.20,-1500.00,121500.00
2021-01-04,2021-01-04,breakout,long,14200,07-Jan-2021,46.50,36.50,76.50,66.50,126.50,36.50,-1500.00,120000.00
2021-01-05,2021-01-05,breakout,long,14250,07-Jan-2021,34.50,24.50,64.50,54.50,114.50,24.50,-1500.00,118500.00
2021-01-08,2021-01-08,breakout,long,14400,14-Jan-2021,72.00,62.00,102.00,92.00,152.00,62.00,-1500.00,117000.00
2021-01-11,2021-01-11,BB_reversal,short,14450,14-Jan-2021,80.25,70.25,110.25,100.25,160.25,100.25,3000.00,120000.00
2021-01-11,2021-01-11,breakout,long,14550,14-Jan-2021,46.00,36.00,76.00,66.00,126.00,36.00,-1500.00,118500.00
2021-01-12,2021-01-12,breakout,long,14600,14-Jan-2021,49.50,39.50,79.50,69.50,129.50,39.50,-1500.00,117000.00
2021-01-19,2021-01-19,breakout,long,14600,21-Jan-2021,45.45,35.45,75.45,65.45,125.45,35.45,-1500.00,115500.00
2021-01-20,2021-01-21,breakout,long,14650,21-Jan-2021,23.10,13.10,53.10,43.10,103.10,43.10,3000.00,118500.00
2021-01-27,2021-01-27,BB_reversal,long,14000,28-Jan-2021,47.05,37.05,77.05,67.05,127.05,127.05,12000.00,130500.00
2021-01-29,2021-01-29,breakout,short,13600,04-Feb-2021,165.00,155.00,195.00,185.00,245.00,185.00,3000.00,133500.00
2021-02-01,2021-02-01,breakout,long,14400,04-Feb-2021,107.70,97.70,137.70,127.70,187.70,97.70,-1500.00,132000.00
2021-02-02,2021-02-02,breakout,long,14700,04-Feb-2021,76.40,66.40,106.40,96.40,156.40,96.40,3000.00,135000.00
2021-02-03,2021-02-03,breakout,long,14850,04-Feb-2021,25.00,15.00,55.00,45.00,105.00,45.00,3000.00,138000.00
2021-02-08,2021-02-08,breakout,long,15200,11-Feb-2021,75.25,65.25,105.25,95.25,155.25,65.25,-1500.00,136500.00
2021-02-15,2021-02-15,breakout,long,15400,18-Feb-2021,61.90,51.90,91.90,81.90,141.90,51.90,-1500.00,135000.00
2021-03-03,2021-03-03,breakout,long,15300,04-Mar-2021,33.00,23.00,63.00,53.00,113.00,23.00,-1500.00,133500.00
2021-03-15,2021-03-15,breakout,short,14850,18-Mar-2021,90.00,80.00,120.00,110.00,170.00,170.00,12000.00,145500.00
2021-03-17,2021-03-17,breakout,short,14650,18-Mar-2021,37.95,27.95,67.95,57.95,117.95,27.95,-1500.00,144000.00
2021-03-24,2021-03-24,breakout,short,14500,25-Mar-2021,39.00,29.00,69.00,59.00,119.00,59.00,3000.00,147000.00
2021-03-30,2021-03-30,breakout,long,14900,01-Apr-2021,68.00,58.00,98.00,88.00,148.00,88.00,3000.00,150000.00
2021-03-31,2021-03-31,breakout,short,14650,01-Apr-2021,40.00,30.00,70.00,60.00,120.00,60.00,3000.00,153000.00
2021-04-05,2021-04-05,breakout,short,14600,08-Apr-2021,91.00,81.00,121.00,111.00,171.00,171.00,12000.00,165000.00
2021-04-12,2021-04-12,BB_reversal,long,14400,15-Apr-2021,95.75,85.75,125.75,115.75,175.75,175.75,12000.00,177000.00
2021-04-12,2021-04-12,breakout,short,14300,15-Apr-2021,108.00,98.00,138.00,128.00,188.00,128.00,3000.00,180000.00
2021-04-20,2021-04-20,breakout,short,14250,22-Apr-2021,72.00,62.00,102.00,92.00,152.00,92.00,3000.00,183000.00
2021-04-27,2021-04-27,breakout,long,14700,29-Apr-2021,56.00,46.00,86.00,76.00,136.00,46.00,-1500.00,181500.00
2021-04-28,2021-04-28,BB_reversal,short,14800,29-Apr-2021,40.10,30.10,70.10,60.10,120.10,120.10,12000.00,193500.00
2021-04-28,2021-04-28,breakout,long,14900,29-Apr-2021,34.70,24.70,64.70,54.70,114.70,54.70,3000.00,196500.00
2021-04-30,2021-04-30,breakout,short,14550,06-May-2021,129.00,119.00,159.00,149.00,209.00,119.00,-1500.00,195000.00
2021-05-04,2021-05-04,breakout,short,14450,06-May-2021,71.00,61.00,101.00,91.00,151.00,91.00,3000.00,198000.00
2021-05-07,2021-05-07,breakout,long,14850,12-May-2021,97.00,87.00,127.00,117.00,177.00,117.00,3000.00,201000.00
2021-05-10,2021-05-11,breakout,long,15000,12-May-2021,55.00,45.00,85.00,75.00,135.00,45.00,-1500.00,199500.00
2021-05-17,2021-05-17,breakout,long,14950,20-May-2021,78.00,68.00,108.00,98.00,158.00,68.00,-1500.00,198000.00
2021-05-18,2021-05-18,breakout,long,15150,20-May-2021,60.50,50.50,90.50,80.50,140.50,50.50,-1500.00,196500.00
2021-05-21,2021-05-21,breakout,long,15250,27-May-2021,90.05,80.05,120.05,110.05,170.05,80.05,-1500.00,195000.00
2021-05-26,2021-05-27,breakout,long,15350,27-May-2021,19.20,9.20,49.20,39.20,99.20,9.20,-1500.00,193500.00
2021-05-28,2021-05-28,breakout,long,15500,03-Jun-2021,66.50,56.50,96.50,86.50,146.50,86.50,3000.00,196500.00
2021-05-31,2021-05-31,breakout,long,15650,03-Jun-2021,30.85,20.85,60.85,50.85,110.85,20.85,-1500.00,195000.00
2021-06-07,2021-06-07,breakout,long,15800,10-Jun-2021,52.00,42.00,82.00,72.00,132.00,42.00,-1500.00,193500.00
2021-06-11,2021-06-11,breakout,long,15850,17-Jun-2021,57.00,47.00,87.00,77.00,137.00,77.00,3000.00,196500.00
2021-06-25,2021-06-28,breakout,long,15900,01-Jul-2021,57.10,47.10,87.10,77.10,137.10,47.10,-1500.00,195000.00
2021-07-05,2021-07-06,breakout,long,15900,08-Jul-2021,23.80,13.80,53.80,43.80,103.80,43.80,3000.00,198000.00
2021-07-20,2021-07-20,breakout,short,15550,22-Jul-2021,13.40,3.40,43.40,33.40,93.40,33.40,3000.00,201000.00
2021-07-27,2021-07-27,breakout,short,15700,29-Jul-2021,34.00,24.00,64.00,54.00,114.00,54.00,3000.00,204000.00
2021-08-02,2021-08-03,breakout,long,15950,05-Aug-2021,26.65,16.65,56.65,46.65,106.65,106.65,12000.00,216000.00
2021-08-03,2021-08-03,breakout,long,16150,05-Aug-2021,46.00,36.00,76.00,66.00,126.00,36.00,-1500.00,214500.00
2021-08-13,2021-08-13,breakout,long,16550,18-Aug-2021,53.60,43.60,83.60,73.60,133.60,43.60,-1500.00,213000.00
2021-08-17,2021-08-18,breakout,long,16650,18-Aug-2021,12.00,2.00,42.00,32.00,92.00,32.00,3000.00,216000.00
2021-08-23,2021-08-23,breakout,long,16550,26-Aug-2021,41.70,31.70,71.70,61.70,121.70,61.70,3000.00,219000.00
2021-08-24,2021-08-24,breakout,long,16650,26-Aug-2021,27.80,17.80,57.80,47.80,107.80,17.80,-1500.00,217500.00
2021-08-27,2021-08-27,breakout,long,16750,02-Sep-2021,53.00,43.00,83.00,73.00,133.00,43.00,-1500.00,216000.00
2021-08-30,2021-08-30,breakout,long,17000,02-Sep-2021,37.50,27.50,67.50,57.50,117.50,27.50,-1500.00,214500.00
2021-08-31,2021-08-31,breakout,long,17200,02-Sep-2021,25.00,15.00,55.00,45.00,105.00,15.00,-1500.00,213000.00
2021-09-03,2021-09-03,breakout,long,17350,09-Sep-2021,77.15,67.15,107.15,97.15,157.15,67.15,-1500.00,211500.00
2021-09-15,2021-09-15,breakout,long,17550,16-Sep-2021,17.35,7.35,47.35,37.35,97.35,7.35,-1500.00,210000.00
2021-09-21,2021-09-21,breakout,long,17600,23-Sep-2021,50.95,40.95,80.95,70.95,130.95,40.95,-1500.00,208500.00
2021-10-04,2021-10-04,breakout,long,17750,07-Oct-2021,67.55,57.55,97.55,87.55,147.55,87.55,3000.00,211500.00
2021-10-05,2021-10-05,breakout,long,17900,07-Oct-2021,33.50,23.50,63.50,53.50,113.50,23.50,-1500.00,210000.00
2021-10-08,2021-10-08,breakout,long,17950,14-Oct-2021,78.00,68.00,108.00,98.00,158.00,98.00,3000.00,213000.00
2021-10-13,2021-10-13,breakout,long,18200,14-Oct-2021,29.45,19.45,59.45,49.45,109.45,49.45,3000.00,216000.00
2021-10-18,2021-10-18,breakout,long,18550,21-Oct-2021,66.05,56.05,96.05,86.05,146.05,86.05,3000.00,219000.00
2021-10-26,2021-10-26,breakout,long,18350,28-Oct-2021,72.65,62.65,102.65,92.65,152.65,62.65,-1500.00,217500.00
2021-10-29,2021-10-29,BB_reversal,long,17750,03-Nov-2021,116.95,106.95,146.95,136.95,196.95,196.95,12000.00,229500.00
2021-11-16,2021-11-16,breakout,short,17900,18-Nov-2021,41.00,31.00,71.00,61.00,121.00,31.00,-1500.00,228000.00
2021-11-17,2021-11-18,breakout,short,17850,18-Nov-2021,27.00,17.00,57.00,47.00,107.00,107.00,12000.00,240000.00
2021-11-22,2021-11-22,BB_reversal,long,17500,25-Nov-2021,77.55,67.55,107.55,97.55,157.55,157.55,12000.00,252000.00
2021-11-22,2021-11-22,breakout,short,17400,25-Nov-2021,81.80,71.80,111.80,101.80,161.80,161.80,12000.00,264000.00
2021-11-24,2021-11-24,breakout,short,17300,25-Nov-2021,29.00,19.00,59.00,49.00,109.00,19.00,-1500.00,262500.00
2021-11-26,2021-11-26,breakout,short,16950,02-Dec-2021,131.75,121.75,161.75,151.75,211.75,121.75,-1500.00,261000.00
2021-12-03,2021-12-03,breakout,short,17150,09-Dec-2021,101.00,91.00,131.00,121.00,181.00,91.00,-1500.00,259500.00
2021-12-06,2021-12-06,breakout,short,16850,09-Dec-2021,87.30,77.30,117.30,107.30,167.30,77.30,-1500.00,258000.00
2021-12-13,2021-12-13,breakout,short,17350,16-Dec-2021,70.80,60.80,100.80,90.80,150.80,90.80,3000.00,261000.00
2021-12-15,2021-12-15,breakout,short,17150,16-Dec-2021,39.75,29.75,69.75,59.75,119.75,29.75,-1500.00,259500.00
2021-12-17,2021-12-17,breakout,short,16950,23-Dec-2021,105.95,95.95,135.95,125.95,185.95,95.95,-1500.00,258000.00
2021-12-20,2021-12-20,BB_reversal,long,16650,23-Dec-2021,101.15,91.15,131.15,121.15,181.15,181.15,12000.00,270000.00
2021-12-20,2021-12-20,breakout,short,16550,23-Dec-2021,95.00,85.00,125.00,115.00,175.00,175.00,12000.00,282000.00
2021-12-28,2021-12-28,breakout,long,17300,30-Dec-2021,46.00,36.00,76.00,66.00,126.00,36.00,-1500.00,280500.00
2021-12-31,2021-12-31,breakout,long,17400,06-Jan-2022,95.75,85.75,125.75,115.75,175.75,85.75,-1500.00,279000.00
2022-01-03,2022-01-03,breakout,long,17700,06-Jan-2022,69.00,59.00,99.00,89.00,149.00,59.00,-1500.00,277500.00
2022-01-04,2022-01-04,breakout,long,17850,06-Jan-2022,47.40,37.40,77.40,67.40,127.40,37.40,-1500.00,276000.00
2022-01-05,2022-01-05,breakout,long,17950,06-Jan-2022,23.05,13.05,53.05,43.05,103.05,43.05,3000.00,279000.00
2022-01-07,2022-01-07,breakout,long,17850,13-Jan-2022,111.65,101.65,141.65,131.65,191.65,131.65,3000.00,282000.00
2022-01-10,2022-01-10,breakout,long,18050,13-Jan-2022,89.00,79.00,119.00,109.00,169.00,79.00,-1500.00,280500.00
2022-01-17,2022-01-17,breakout,long,18350,20-Jan-2022,76.05,66.05,106.05,96.05,156.05,66.05,-1500.00,279000.00
2022-02-07,2022-02-07,breakout,short,17150,10-Feb-2022,96.80,86.80,126.80,116.80,176.80,116.80,3000.00,282000.00
2022-02-11,2022-02-11,breakout,short,17300,17-Feb-2022,122.00,112.00,152.00,142.00,202.00,142.00,3000.00,285000.00
2022-02-14,2022-02-14,breakout,short,16750,17-Feb-2022,147.95,137.95,177.95,167.95,227.95,137.95,-1500.00,283500.00
2022-02-22,2022-02-22,breakout,short,17050,24-Feb-2022,113.00,103.00,143.00,133.00,193.00,193.00,12000.00,295500.00
2022-03-02,2022-03-02,breakout,short,16600,03-Mar-2022,128.75,118.75,158.75,148.75,208.75,208.75,12000.00,307500.00
2022-03-04,2022-03-04,breakout,short,16200,10-Mar-2022,210.00,200.00,240.00,230.00,290.00,230.00,4500.00,312000.00
2022-03-15,2022-03-15,breakout,short,16600,17-Mar-2022,150.05,140.05,180.05,170.05,230.05,170.05,4500.00,316500.00
2022-03-22,2022-03-22,breakout,long,17400,24-Mar-2022,107.00,97.00,137.00,127.00,187.00,97.00,-2250.00,314250.00
2022-03-29,2022-03-29,breakout,long,17400,31-Mar-2022,68.50,58.50,98.50,88.50,148.50,58.50,-2250.00,312000.00
2022-03-30,2022-03-30,breakout,long,17500,31-Mar-2022,50.00,40.00,80.00,70.00,130.00,70.00,4500.00,316500.00
2022-04-01,2022-04-01,breakout,long,17750,07-Apr-2022,98.00,88.00,128.00,118.00,178.00,88.00,-2250.00,314250.00
2022-04-04,2022-04-04,BB_reversal,short,18000,07-Apr-2022,78.00,68.00,108.00,98.00,158.00,158.00,18000.00,332250.00
2022-04-04,2022-04-04,breakout,long,18100,07-Apr-2022,79.00,69.00,109.00,99.00,159.00,99.00,4500.00,336750.00
2022-04-08,2022-04-08,breakout,long,17850,13-Apr-2022,113.00,103.00,143.00,133.00,193.00,133.00,4500.00,341250.00
2022-04-18,2022-04-18,BB_reversal,long,17250,21-Apr-2022,89.00,79.00,119.00,109.00,169.00,109.00,4500.00,345750.00
2022-04-19,2022-04-19,BB_reversal,long,16900,21-Apr-2022,90.20,80.20,120.20,110.20,170.20,170.20,18000.00,363750.00
2022-04-19,2022-04-19,breakout,short,16800,21-Apr-2022,75.00,65.00,105.00,95.00,155.00,65.00,-2250.00,361500.00
2022-04-22,2022-04-22,breakout,short,17100,28-Apr-2022,107.50,97.50,137.50,127.50,187.50,97.50,-2250.00,359250.00
2022-04-25,2022-04-25,breakout,short,16950,28-Apr-2022,109.90,99.90,139.90,129.90,189.90,129.90,4500.00,363750.00
2022-04-27,2022-04-27,breakout,short,17000,28-Apr-2022,42.00,32.00,72.00,62.00,122.00,62.00,4500.00,368250.00
2022-04-29,2022-04-29,breakout,short,17050,05-May-2022,110.00,100.00,140.00,130.00,190.00,130.00,4500.00,372750.00
2022-05-04,2022-05-04,BB_reversal,long,16750,05-May-2022,64.05,54.05,94.05,84.05,144.05,144.05,18000.00,390750.00
2022-05-04,2022-05-04,breakout,short,16650,05-May-2022,57.00,47.00,87.00,77.00,137.00,77.00,4500.00,395250.00
2022-05-06,2022-05-06,BB_reversal,long,16500,12-May-2022,128.00,118.00,158.00,148.00,208.00,148.00,4500.00,399750.00
2022-05-06,2022-05-06,breakout,short,16400,12-May-2022,140.60,130.60,170.60,160.60,220.60,220.60,18000.00,417750.00
2022-05-09,2022-05-09,breakout,short,16250,12-May-2022,109.90,99.90,139.90,129.90,189.90,189.90,24000.00,441750.00
2022-05-10,2022-05-10,breakout,short,16150,12-May-2022,81.00,71.00,111.00,101.00,161.00,71.00,-3000.00,438750.00
2022-05-25,2022-05-25,breakout,short,16000,26-May-2022,75.00,65.00,105.00,95.00,155.00,65.00,-3000.00,435750.00
2022-06-13,2022-06-13,BB_reversal,long,15850,16-Jun-2022,110.00,100.00,140.00,130.00,190.00,190.00,24000.00,459750.00
2022-06-13,2022-06-13,breakout,short,15750,16-Jun-2022,122.00,112.00,152.00,142.00,202.00,142.00,6000.00,465750.00
2022-06-22,2022-06-22,breakout,short,15350,23-Jun-2022,50.85,40.85,80.85,70.85,130.85,40.85,-3000.00,462750.00
2022-06-29,2022-06-29,breakout,short,15750,30-Jun-2022,64.10,54.10,94.10,84.10,144.10,84.10,6000.00,468750.00
2022-07-08,2022-07-08,breakout,long,16250,14-Jul-2022,102.00,92.00,132.00,122.00,182.00,122.00,6000.00,474750.00
2022-07-15,2022-07-15,breakout,long,16100,21-Jul-2022,93.95,83.95,123.95,113.95,173.95,83.95,-3000.00,471750.00
2022-07-18,2022-07-18,breakout,long,16350,21-Jul-2022,60.00,50.00,90.00,80.00,140.00,50.00,-3000.00,468750.00
2022-07-20,2022-07-21,BB_reversal,short,16450,21-Jul-2022,28.00,18.00,58.00,48.00,108.00,18.00,-3000.00,465750.00
2022-07-22,2022-07-22,breakout,long,16750,28-Jul-2022,102.00,92.00,132.00,122.00,182.00,92.00,-3000.00,462750.00
2022-07-27,2022-07-27,breakout,long,16700,28-Jul-2022,45.45,35.45,75.45,65.45,125.45,35.45,-3000.00,459750.00
2022-07-29,2022-07-29,breakout,long,17200,04-Aug-2022,105.00,95.00,135.00,125.00,185.00,95.00,-3000.00,456750.00
2022-08-01,2022-08-01,breakout,long,17400,04-Aug-2022,62.95,52.95,92.95,82.95,142.95,52.95,-3000.00,453750.00
2022-08-03,2022-08-03,breakout,long,17450,04-Aug-2022,33.00,23.00,63.00,53.00,113.00,23.00,-3000.00,450750.00
2022-08-08,2022-08-08,breakout,long,17600,11-Aug-2022,63.30,53.30,93.30,83.30,143.30,53.30,-3000.00,447750.00
2022-08-12,2022-08-12,breakout,long,17750,18-Aug-2022,68.60,58.60,98.60,88.60,148.60,88.60,6000.00,453750.00
2022-08-16,2022-08-17,breakout,long,17900,18-Aug-2022,37.00,27.00,67.00,57.00,117.00,57.00,6000.00,459750.00
2022-08-17,2022-08-18,breakout,long,18000,18-Aug-2022,25.30,15.30,55.30,45.30,105.30,15.30,-3000.00,456750.00
2022-08-23,2022-08-23,breakout,long,17650,25-Aug-2022,65.00,55.00,95.00,85.00,145.00,55.00,-3000.00,453750.00
2022-08-26,2022-08-26,breakout,long,17650,01-Sep-2022,101.70,91.70,131.70,121.70,181.70,121.70,6000.00,459750.00
2022-08-30,2022-08-30,breakout,long,17800,01-Sep-2022,50.00,40.00,80.00,70.00,130.00,40.00,-3000.00,456750.00
2022-09-05,2022-09-05,breakout,long,17700,08-Sep-2022,100.25,90.25,130.25,120.25,180.25,90.25,-3000.00,453750.00
2022-09-12,2022-09-12,breakout,long,18000,15-Sep-2022,73.40,63.40,103.40,93.40,153.40,93.40,6000.00,459750.00
2022-09-13,2022-09-13,breakout,long,18100,15-Sep-2022,75.50,65.50,105.50,95.50,155.50,65.50,-3000.00,456750.00
2022-09-16,2022-09-16,breakout,short,17500,22-Sep-2022,133.00,123.00,163.00,153.00,213.00,153.00,6000.00,462750.00
2022-09-23,2022-09-23,breakout,short,17300,29-Sep-2022,147.00,137.00,177.00,167.00,227.00,167.00,6000.00,468750.00
2022-09-26,2022-09-26,breakout,short,17000,29-Sep-2022,115.00,105.00,145.00,135.00,195.00,135.00,6000.00,474750.00
2022-09-28,2022-09-28,breakout,short,16800,29-Sep-2022,53.40,43.40,83.40,73.40,133.40,73.40,6000.00,480750.00
2022-10-03,2022-10-03,breakout,short,16850,06-Oct-2022,105.00,95.00,135.00,125.00,185.00,125.00,6000.00,486750.00
2022-10-11,2022-10-11,breakout,short,16900,13-Oct-2022,74.40,64.40,104.40,94.40,154.40,64.40,-3000.00,483750.00
2022-10-31,2022-10-31,breakout,long,18050,03-Nov-2022,76.00,66.00,106.00,96.00,156.00,66.00,-3000.00,480750.00
2022-11-01,2022-11-01,breakout,long,18200,03-Nov-2022,57.60,47.60,87.60,77.60,137.60,47.60,-3000.00,477750.00
2022-11-04,2022-11-04,breakout,long,18200,10-Nov-2022,89.95,79.95,119.95,109.95,169.95,79.95,-3000.00,474750.00
2022-11-07,2022-11-07,breakout,long,18250,10-Nov-2022,52.00,42.00,82.00,72.00,132.00,72.00,6000.00,480750.00
2022-11-11,2022-11-11,breakout,long,18400,17-Nov-2022,95.00,85.00,125.00,115.00,175.00,85.00,-3000.00,477750.00
2022-11-15,2022-11-15,breakout,long,18450,17-Nov-2022,52.30,42.30,82.30,72.30,132.30,42.30,-3000.00,474750.00
2022-11-22,2022-11-22,breakout,long,18300,24-Nov-2022,42.50,32.50,72.50,62.50,122.50,32.50,-3000.00,471750.00
2022-11-28,2022-11-28,breakout,long,18600,01-Dec-2022,52.00,42.00,82.00,72.00,132.00,72.00,6000.00,477750.00
2022-11-30,2022-12-01,breakout,long,18850,01-Dec-2022,4.55,-5.45,34.55,24.55,84.55,24.55,6000.00,483750.00
2022-12-13,2022-12-13,breakout,long,18650,15-Dec-2022,56.55,46.55,86.55,76.55,136.55,46.55,-3000.00,480750.00
2022-12-16,2022-12-16,breakout,short,18200,22-Dec-2022,54.00,44.00,84.00,74.00,134.00,44.00,-3000.00,477750.00
2022-12-21,2022-12-21,breakout,short,18150,22-Dec-2022,21.00,11.00,51.00,41.00,101.00,41.00,6000.00,483750.00
2022-12-23,2022-12-23,BB_reversal,long,17850,29-Dec-2022,132.95,122.95,162.95,152.95,212.95,212.95,24000.00,507750.00
2022-12-23,2022-12-23,breakout,short,17750,29-Dec-2022,68.00,58.00,98.00,88.00,148.00,88.00,7500.00,515250.00
2022-12-30,2022-12-30,breakout,short,18050,05-Jan-2023,52.00,42.00,82.00,72.00,132.00,72.00,7500.00,522750.00
2023-01-04,2023-01-04,breakout,short,18000,05-Jan-23,25.00,15.00,55.00,45.00,105.00,45.00,7500.00,530250.00
2023-01-06,2023-01-06,BB_reversal,long,17900,12-Jan-23,91.00,81.00,121.00,111.00,171.00,171.00,30000.00,560250.00
2023-01-06,2023-01-06,breakout,short,17800,12-Jan-23,52.30,42.30,82.30,72.30,132.30,72.30,7500.00,567750.00
2023-01-10,2023-01-10,breakout,short,17900,12-Jan-23,51.80,41.80,81.80,71.80,131.80,71.80,7500.00,575250.00
2023-01-27,2023-01-27,BB_reversal,long,17650,02-Feb-23,155.00,145.00,185.00,175.00,235.00,235.00,30000.00,605250.00
2023-01-27,2023-01-27,breakout,short,17550,02-Feb-23,128.00,118.00,158.00,148.00,208.00,208.00,36000.00,641250.00
2023-02-01,2023-02-01,breakout,short,17550,02-Feb-23,52.00,42.00,82.00,72.00,132.00,132.00,36000.00,677250.00
2023-02-13,2023-02-13,breakout,short,17700,16-Feb-23,41.40,31.40,71.40,61.40,121.40,61.40,9000.00,686250.00
2023-02-14,2023-02-14,breakout,long,17950,16-Feb-23,48.30,38.30,78.30,68.30,128.30,38.30,-4500.00,681750.00
2023-02-22,2023-02-22,breakout,short,17500,23-Feb-23,20.00,10.00,50.00,40.00,100.00,40.00,9000.00,690750.00
2023-02-24,2023-02-24,breakout,short,17400,02-Mar-23,55.00,45.00,85.00,75.00,135.00,75.00,9000.00,699750.00
2023-02-28,2023-02-28,breakout,short,17250,02-Mar-23,29.00,19.00,59.00,49.00,109.00,49.00,9000.00,708750.00
2023-03-10,2023-03-10,breakout,short,17350,16-Mar-23,62.00,52.00,92.00,82.00,142.00,82.00,10500.00,719250.00
2023-03-13,2023-03-13,breakout,short,17150,16-Mar-23,92.00,82.00,122.00,112.00,172.00,112.00,10500.00,729750.00
2023-03-14,2023-03-14,breakout,short,17000,16-Mar-23,48.25,38.25,78.25,68.25,128.25,68.25,10500.00,740250.00
2023-03-15,2023-03-15,breakout,short,16900,16-Mar-23,26.00,16.00,56.00,46.00,106.00,16.00,-5250.00,735000.00
2023-03-20,2023-03-20,breakout,short,16950,23-Mar-23,77.65,67.65,107.65,97.65,157.65,157.65,42000.00,777000.00
2023-03-24,2023-03-24,breakout,short,16900,29-Mar-23,85.00,75.00,115.00,105.00,165.00,75.00,-5250.00,771750.00
2023-04-11,2023-04-11,breakout,long,17750,13-Apr-23,33.60,23.60,63.60,53.60,113.60,53.60,10500.00,782250.00
2023-04-12,2023-04-13,breakout,long,17850,13-Apr-23,19.80,9.80,49.80,39.80,99.80,9.80,-5250.00,777000.00
2023-04-24,2023-04-24,breakout,long,17800,27-Apr-23,35.50,25.50,65.50,55.50,115.50,25.50,-5250.00,771750.00
2023-04-26,2023-04-27,breakout,long,17850,27-Apr-23,14.40,4.40,44.40,34.40,94.40,34.40,10500.00,782250.00
2023-04-28,2023-04-28,breakout,long,18100,04-May-23,41.50,31.50,71.50,61.50,121.50,31.50,-5250.00,777000.00
2023-05-02,2023-05-02,breakout,long,18200,04-May-23,25.00,15.00,55.00,45.00,105.00,45.00,10500.00,787500.00
2023-05-08,2023-05-08,breakout,long,18300,11-May-23,49.35,39.35,79.35,69.35,129.35,39.35,-5250.00,782250.00
2023-05-10,2023-05-11,breakout,long,18350,11-May-23,20.30,10.30,50.30,40.30,100.30,10.30,-5250.00,777000.00
2023-05-15,2023-05-15,breakout,long,18450,18-May-23,33.95,23.95,63.95,53.95,113.95,53.95,10500.00,787500.00
2023-05-19,2023-05-19,breakout,long,18250,25-May-23,59.80,49.80,89.80,79.80,139.80,49.80,-5250.00,782250.00
2023-05-22,2023-05-22,breakout,long,18350,25-May-23,45.30,35.30,75.30,65.30,125.30,65.30,10500.00,792750.00
2023-05-26,2023-05-26,breakout,long,18550,01-Jun-23,53.50,43.50,83.50,73.50,133.50,43.50,-5250.00,787500.00
2023-05-29,2023-05-30,BB_reversal,short,18550,01-Jun-23,40.10,30.10,70.10,60.10,120.10,30.10,-5250.00,782250.00
2023-06-02,2023-06-02,breakout,long,18600,08-Jun-23,56.30,46.30,86.30,76.30,136.30,76.30,10500.00,792750.00
2023-06-12,2023-06-13,breakout,long,18650,15-Jun-23,53.25,43.25,83.25,73.25,133.25,73.25,10500.00,803250.00
2023-06-13,2023-06-15,breakout,long,18750,15-Jun-23,33.30,23.30,63.30,53.30,113.30,23.30,-6000.00,797250.00
2023-06-16,2023-06-16,breakout,long,18850,22-Jun-23,70.00,60.00,100.00,90.00,150.00,90.00,10500.00,807750.00
2023-06-20,2023-06-22,breakout,long,18900,22-Jun-23,16.00,6.00,46.00,36.00,96.00,6.00,-6000.00,801750.00
2023-06-30,2023-06-30,breakout,long,19250,06-Jul-23,43.60,33.60,73.60,63.60,123.60,33.60,-6000.00,795750.00
2023-07-03,2023-07-03,breakout,long,19400,06-Jul-23,32.85,22.85,62.85,52.85,112.85,22.85,-5250.00,790500.00
2023-07-04,2023-07-04,breakout,long,19450,06-Jul-23,21.30,11.30,51.30,41.30,101.30,41.30,10500.00,801000.00
2023-07-11,2023-07-11,breakout,long,19500,13-Jul-23,30.50,20.50,60.50,50.50,110.50,50.50,12000.00,813000.00
2023-07-14,2023-07-14,breakout,long,19650,20-Jul-23,46.00,36.00,76.00,66.00,126.00,36.00,-6000.00,807000.00
2023-07-17,2023-07-17,breakout,long,19750,20-Jul-23,49.50,39.50,79.50,69.50,129.50,39.50,-6000.00,801000.00
2023-07-19,2023-07-20,breakout,long,19900,20-Jul-23,16.00,6.00,46.00,36.00,96.00,36.00,12000.00,813000.00
2023-07-26,2023-07-26,breakout,long,19800,27-Jul-23,33.70,23.70,63.70,53.70,113.70,53.70,12000.00,825000.00
2023-07-31,2023-07-31,breakout,long,19800,03-Aug-23,44.85,34.85,74.85,64.85,124.85,34.85,-6000.00,819000.00
2023-08-11,2023-08-14,breakout,short,19350,17-Aug-23,30.80,20.80,60.80,50.80,110.80,110.80,48000.00,867000.00
2023-08-18,2023-08-18,breakout,short,19250,24-Aug-23,60.95,50.95,90.95,80.95,140.95,80.95,12000.00,879000.00
2023-08-25,2023-08-25,breakout,short,19200,31-Aug-23,75.95,65.95,105.95,95.95,155.95,65.95,-6000.00,873000.00
2023-09-01,2023-09-01,breakout,long,19450,07-Sep-23,72.95,62.95,102.95,92.95,152.95,62.95,-6000.00,867000.00
2023-09-04,2023-09-06,breakout,long,19600,07-Sep-23,26.00,16.00,56.00,46.00,106.00,16.00,-6000.00,861000.00
2023-09-06,2023-09-07,breakout,long,19650,07-Sep-23,6.35,-3.65,36.35,26.35,86.35,86.35,48000.00,909000.00
2023-09-08,2023-09-08,breakout,long,19850,14-Sep-23,63.00,53.00,93.00,83.00,143.00,83.00,13500.00,922500.00
2023-09-11,2023-09-11,breakout,long,20050,14-Sep-23,48.75,38.75,78.75,68.75,128.75,38.75,-6750.00,915750.00
2023-09-13,2023-09-13,breakout,long,20100,14-Sep-23,28.30,18.30,58.30,48.30,108.30,48.30,13500.00,929250.00
2023-10-09,2023-10-09,breakout,short,19450,12-Oct-23,57.15,47.15,87.15,77.15,137.15,47.15,-6750.00,922500.00
2023-10-13,2023-10-13,breakout,short,19700,19-Oct-23,66.00,56.00,96.00,86.00,146.00,86.00,13500.00,936000.00
2023-10-18,2023-10-19,breakout,short,19600,19-Oct-23,14.00,4.00,44.00,34.00,94.00,34.00,13500.00,949500.00
2023-10-20,2023-10-23,breakout,short,19500,26-Oct-23,71.05,61.05,101.05,91.05,151.05,151.05,54000.00,1003500.00
2023-10-23,2023-10-23,breakout,short,19250,26-Oct-23,69.00,59.00,99.00,89.00,149.00,89.00,15000.00,1018500.00
2023-10-25,2023-10-25,breakout,short,19100,26-Oct-23,31.95,21.95,61.95,51.95,111.95,51.95,15000.00,1033500.00
2023-10-31,2023-10-31,breakout,short,19050,02-Nov-23,43.35,33.35,73.35,63.35,123.35,33.35,-7500.00,1026000.00
2023-11-01,2023-11-01,breakout,short,18950,02-Nov-23,35.00,25.00,65.00,55.00,115.00,25.00,-7500.00,1018500.00
2023-11-28,2023-11-28,breakout,long,19950,30-Nov-23,49.00,39.00,79.00,69.00,129.00,39.00,-7500.00,1011000.00
2023-11-29,2023-11-29,breakout,long,20150,30-Nov-23,30.00,20.00,60.00,50.00,110.00,20.00,-7500.00,1003500.00
2023-12-01,2023-12-01,breakout,long,20300,07-Dec-23,101.00,91.00,131.00,121.00,181.00,121.00,15000.00,1018500.00
2023-12-04,2023-12-04,breakout,long,20750,07-Dec-23,69.20,59.20,99.20,89.20,149.20,59.20,-7500.00,1011000.00
2023-12-05,2023-12-05,breakout,long,20900,07-Dec-23,60.05,50.05,90.05,80.05,140.05,50.05,-7500.00,1003500.00
2023-12-06,2023-12-06,breakout,long,21000,07-Dec-23,24.50,14.50,54.50,44.50,104.50,44.50,15000.00,1018500.00
2023-12-08,2023-12-08,breakout,long,21000,14-Dec-23,107.50,97.50,137.50,127.50,187.50,127.50,15000.00,1033500.00
2023-12-15,2023-12-15,breakout,long,21500,21-Dec-23,110.50,100.50,140.50,130.50,190.50,130.50,15000.00,1048500.00
2023-12-26,2023-12-26,breakout,long,21500,28-Dec-23,73.60,63.60,103.60,93.60,153.60,93.60,15000.00,1063500.00
2023-12-27,2023-12-27,breakout,long,21700,28-Dec-23,44.10,34.10,74.10,64.10,124.10,34.10,-7500.00,1056000.00
2024-01-10,2024-01-10,breakout,long,21700,11-Jan-24,25.00,15.00,55.00,45.00,105.00,15.00,-7500.00,1048500.00
2024-01-12,2024-01-12,breakout,long,21950,18-Jan-24,117.20,107.20,147.20,137.20,197.20,137.20,15000.00,1063500.00
2024-01-15,2024-01-15,breakout,long,22150,18-Jan-24,85.00,75.00,115.00,105.00,165.00,75.00,-7500.00,1056000.00
2024-01-23,2024-01-23,breakout,short,21200,25-Jan-24,101.15,91.15,131.15,121.15,181.15,121.15,15000.00,1071000.00
2024-01-29,2024-01-29,breakout,long,21800,01-Feb-24,156.50,146.50,186.50,176.50,236.50,146.50,-7500.00,1063500.00
2024-01-30,2024-01-30,breakout,short,21500,01-Feb-24,114.90,104.90,144.90,134.90,194.90,104.90,-7500.00,1056000.00
2024-01-31,2024-01-31,breakout,long,21750,01-Feb-24,103.55,93.55,133.55,123.55,183.55,123.55,15000.00,1071000.00
2024-02-02,2024-02-02,breakout,long,21900,08-Feb-24,133.00,123.00,163.00,153.00,213.00,213.00,60000.00,1131000.00
2024-02-06,2024-02-06,breakout,long,22000,08-Feb-24,83.00,73.00,113.00,103.00,163.00,73.00,-8250.00,1122750.00
2024-02-12,2024-02-12,breakout,short,21550,15-Feb-24,95.00,85.00,125.00,115.00,175.00,115.00,16500.00,1139250.00
2024-02-16,2024-02-16,breakout,long,22100,22-Feb-24,115.00,105.00,145.00,135.00,195.00,135.00,16500.00,1155750.00
2024-02-19,2024-02-19,breakout,long,22150,22-Feb-24,101.00,91.00,131.00,121.00,181.00,121.00,16500.00,1172250.00
2024-02-20,2024-02-20,breakout,long,22250,22-Feb-24,75.50,65.50,105.50,95.50,155.50,65.50,-8250.00,1164000.00
2024-02-27,2024-02-27,breakout,long,22250,29-Feb-24,67.00,57.00,97.00,87.00,147.00,87.00,16500.00,1180500.00
2024-03-01,2024-03-01,breakout,long,22400,07-Mar-24,123.10,113.10,153.10,143.10,203.10,113.10,-8250.00,1172250.00
2024-03-06,2024-03-06,breakout,long,22550,07-Mar-24,33.50,23.50,63.50,53.50,113.50,23.50,-8250.00,1164000.00
2024-03-15,2024-03-15,breakout,short,21950,21-Mar-24,82.60,72.60,112.60,102.60,162.60,102.60,16500.00,1180500.00
2024-03-19,2024-03-19,breakout,short,21750,21-Mar-24,61.00,51.00,91.00,81.00,141.00,51.00,-8250.00,1172250.00
2024-04-01,2024-04-01,breakout,long,22500,04-Apr-24,91.50,81.50,121.50,111.50,171.50,111.50,16500.00,1188750.00
2024-04-08,2024-04-08,breakout,long,22700,10-Apr-24,67.50,57.50,97.50,87.50,147.50,87.50,16500.00,1205250.00
2024-04-22,2024-04-22,breakout,long,22400,25-Apr-24,99.65,89.65,129.65,119.65,179.65,89.65,-9000.00,1196250.00
2024-04-29,2024-04-29,breakout,long,22700,02-May-24,70.00,60.00,100.00,90.00,150.00,60.00,-8250.00,1188000.00
2024-05-03,2024-05-03,breakout,short,22400,09-May-24,87.60,77.60,117.60,107.60,167.60,107.60,16500.00,1204500.00
2024-05-07,2024-05-07,breakout,short,22250,09-May-24,70.60,60.60,100.60,90.60,150.60,90.60,18000.00,1222500.00
2024-05-17,2024-05-17,breakout,long,22500,23-May-24,102.90,92.90,132.90,122.90,182.90,122.90,18000.00,1240500.00
2024-05-22,2024-05-22,breakout,long,22650,23-May-24,44.30,34.30,74.30,64.30,124.30,34.30,-9000.00,1231500.00
2024-06-03,2024-06-03,BB_reversal,short,23250,06-Jun-24,295.00,285.00,325.00,315.00,375.00,375.00,72000.00,1303500.00
2024-06-03,2024-06-03,breakout,long,23350,06-Jun-24,340.00,330.00,370.00,360.00,420.00,330.00,-9750.00,1293750.00
2024-06-04,2024-06-04,BB_reversal,long,22050,06-Jun-24,173.45,163.45,203.45,193.45,253.45,253.45,72000.00,1365750.00
2024-06-04,2024-06-04,breakout,short,21950,06-Jun-24,311.25,301.25,341.25,331.25,391.25,391.25,78000.00,1443750.00
2024-06-05,2024-06-05,breakout,long,22600,06-Jun-24,105.00,95.00,135.00,125.00,185.00,125.00,21000.00,1464750.00
2024-06-07,2024-06-07,breakout,long,23300,13-Jun-24,203.00,193.00,233.00,223.00,283.00,193.00,-10500.00,1454250.00
2024-06-24,2024-06-24,breakout,long,23600,27-Jun-24,84.00,74.00,114.00,104.00,164.00,74.00,-10500.00,1443750.00
2024-06-25,2024-06-25,breakout,long,23750,27-Jun-24,78.45,68.45,108.45,98.45,158.45,68.45,-10500.00,1433250.00
2024-06-26,2024-06-26,breakout,long,23900,27-Jun-24,45.05,35.05,75.05,65.05,125.05,65.05,21000.00,1454250.00
2024-07-01,2024-07-01,breakout,long,24150,04-Jul-24,113.15,103.15,143.15,133.15,193.15,103.15,-10500.00,1443750.00
2024-07-03,2024-07-03,breakout,long,24350,04-Jul-24,39.75,29.75,69.75,59.75,119.75,59.75,21000.00,1464750.00
2024-07-09,2024-07-09,breakout,long,24450,11-Jul-24,68.10,58.10,98.10,88.10,148.10,88.10,21000.00,1485750.00
2024-07-12,2024-07-12,breakout,long,24550,18-Jul-24,93.05,83.05,123.05,113.05,173.05,113.05,21000.00,1506750.00
2024-07-15,2024-07-16,breakout,long,24650,18-Jul-24,66.10,56.10,96.10,86.10,146.10,86.10,22500.00,1529250.00
2024-07-26,2024-07-26,BB_reversal,short,24800,01-Aug-24,93.00,83.00,123.00,113.00,173.00,173.00,90000.00,1619250.00
2024-07-26,2024-07-26,breakout,long,24900,01-Aug-24,112.00,102.00,142.00,132.00,192.00,102.00,-12000.00,1607250.00
2024-07-31,2024-07-31,breakout,long,25050,01-Aug-24,40.60,30.60,70.60,60.60,120.60,30.60,-12000.00,1595250.00
2024-08-05,2024-08-05,BB_reversal,long,24100,08-Aug-24,179.50,169.50,209.50,199.50,259.50,259.50,90000.00,1685250.00
2024-08-05,2024-08-05,breakout,short,24000,08-Aug-24,175.00,165.00,205.00,195.00,255.00,255.00,96000.00,1781250.00
2024-08-13,2024-08-13,breakout,short,24100,14-Aug-24,53.90,43.90,83.90,73.90,133.90,73.90,25500.00,1806750.00
2024-08-20,2024-08-20,breakout,long,24700,22-Aug-24,67.10,57.10,97.10,87.10,147.10,87.10,27000.00,1833750.00
2024-08-21,2024-08-22,breakout,long,24850,22-Aug-24,17.95,7.95,47.95,37.95,97.95,7.95,-13500.00,1820250.00
2024-08-26,2024-08-26,breakout,long,25050,29-Aug-24,86.55,76.55,116.55,106.55,166.55,106.55,27000.00,1847250.00
2024-08-30,2024-08-30,breakout,long,25300,05-Sep-24,115.15,105.15,145.15,135.15,195.15,105.15,-13500.00,1833750.00
2024-09-09,2024-09-09,breakout,long,25000,12-Sep-24,73.55,63.55,103.55,93.55,153.55,63.55,-13500.00,1820250.00
2024-09-10,2024-09-10,breakout,long,25100,12-Sep-24,43.95,33.95,73.95,63.95,123.95,63.95,27000.00,1847250.00
2024-09-12,2024-09-12,breakout,long,25350,12-Sep-24,29.00,19.00,59.00,49.00,109.00,49.00,27000.00,1874250.00
2024-09-20,2024-09-20,breakout,long,25850,26-Sep-24,91.80,81.80,121.80,111.80,171.80,111.80,27000.00,1901250.00
2024-09-23,2024-09-23,breakout,long,26000,26-Sep-24,66.50,56.50,96.50,86.50,146.50,86.50,28500.00,1929750.00
2024-10-04,2024-10-04,BB_reversal,long,25100,10-Oct-24,150.00,140.00,180.00,170.00,230.00,230.00,114000.00,2043750.00
2024-11-04,2024-11-04,BB_reversal,long,24050,07-Nov-24,152.85,142.85,182.85,172.85,232.85,232.85,120000.00,2163750.00
2024-11-13,2024-11-13,BB_reversal,long,23650,14-Nov-24,57.95,47.95,87.95,77.95,137.95,137.95,126000.00,2289750.00
2024-12-02,2024-12-02,breakout,long,24350,05-Dec-24,122.10,112.10,152.10,142.10,202.10,142.10,33000.00,2322750.00
2024-12-03,2024-12-03,breakout,long,24500,05-Dec-24,87.00,77.00,117.00,107.00,167.00,107.00,34500.00,2357250.00
2024-12-13,2024-12-13,breakout,long,24850,19-Dec-24,110.00,100.00,140.00,130.00,190.00,100.00,-17250.00,2340000.00
2024-12-18,2024-12-18,BB_reversal,long,24250,19-Dec-24,47.90,37.90,77.90,67.90,127.90,127.90,138000.00,2478000.00
2024-12-20,2024-12-20,BB_reversal,long,23700,26-Dec-24,144.00,134.00,174.00,164.00,224.00,224.00,144000.00,2622000.00
2024-12-20,2024-12-20,breakout,short,23600,26-Dec-24,152.00,142.00,182.00,172.00,232.00,172.00,39000.00,2661000.00
2024-12-30,2024-12-30,breakout,short,23600,02-Jan-25,74.65,64.65,104.65,94.65,154.65,94.65,39000.00,2700000.00
2025-01-03,2025-01-03,breakout,short,23950,09-Jan-25,128.90,118.90,158.90,148.90,208.90,118.90,-20250.00,2679750.00
2025-01-06,2025-01-06,breakout,short,23600,09-Jan-25,160.80,150.80,190.80,180.80,240.80,180.80,39000.00,2718750.00
2025-01-10,2025-01-10,breakout,short,23400,16-Jan-25,118.15,108.15,148.15,138.15,198.15,198.15,162000.00,2880750.00
2025-01-13,2025-01-13,BB_reversal,long,23150,16-Jan-25,115.10,105.10,145.10,135.10,195.10,195.10,168000.00,3048750.00
2025-01-13,2025-01-13,breakout,short,23050,16-Jan-25,86.40,76.40,116.40,106.40,166.40,106.40,45000.00,3093750.00
2025-01-17,2025-01-17,breakout,short,23150,23-Jan-25,119.60,109.60,149.60,139.60,199.60,199.60,180000.00,3273750.00
2025-01-21,2025-01-21,breakout,short,23000,23-Jan-25,76.35,66.35,106.35,96.35,156.35,96.35,48000.00,3321750.00
2025-01-24,2025-01-24,breakout,short,23050,30-Jan-25,125.80,115.80,155.80,145.80,205.80,145.80,49500.00,3371250.00
2025-01-27,2025-01-27,BB_reversal,long,22850,30-Jan-25,138.65,128.65,168.65,158.65,218.65,218.65,198000.00,3569250.00
2025-01-27,2025-01-27,breakout,short,22750,30-Jan-25,107.75,97.75,137.75,127.75,187.75,127.75,52500.00,3621750.00
2025-02-04,2025-02-04,breakout,long,23750,06-Feb-25,59.30,49.30,89.30,79.30,139.30,79.30,54000.00,3675750.00
2025-02-11,2025-02-11,BB_reversal,long,23100,13-Feb-25,99.00,89.00,129.00,119.00,179.00,179.00,216000.00,3891750.00
2025-02-11,2025-02-11,breakout,short,23000,13-Feb-25,67.00,57.00,97.00,87.00,147.00,87.00,57000.00,3948750.00
2025-02-14,2025-02-14,breakout,short,22850,20-Feb-25,114.45,104.45,144.45,134.45,194.45,194.45,234000.00,4182750.00
2025-02-21,2025-02-21,breakout,short,22700,27-Feb-25,90.85,80.85,120.85,110.85,170.85,110.85,61500.00,4244250.00
2025-02-24,2025-02-24,breakout,short,22500,27-Feb-25,48.50,38.50,78.50,68.50,128.50,68.50,63000.00,4307250.00
2025-02-28,2025-02-28,BB_reversal,long,22200,06-Mar-25,123.90,113.90,153.90,143.90,203.90,203.90,258000.00,4565250.00
2025-02-28,2025-02-28,breakout,short,22100,06-Mar-25,100.00,90.00,130.00,120.00,180.00,120.00,67500.00,4632750.00
2025-03-04,2025-03-04,breakout,short,22050,06-Mar-25,76.20,66.20,106.20,96.20,156.20,96.20,69000.00,4701750.00
2025-03-10,2025-03-10,breakout,short,22400,13-Mar-25,87.00,77.00,117.00,107.00,167.00,77.00,-35250.00,4666500.00
2025-03-21,2025-03-21,breakout,long,23400,27-Mar-25,104.50,94.50,134.50,124.50,184.50,124.50,69000.00,4735500.00
2025-03-24,2025-03-24,breakout,long,23700,27-Mar-25,133.80,123.80,163.80,153.80,213.80,123.80,-35250.00,4700250.00
2025-04-02,2025-04-03,breakout,long,23400,03-Apr-25,29.80,19.80,59.80,49.80,109.80,19.80,-35250.00,4665000.00
2025-04-04,2025-04-04,BB_reversal,long,22950,09-Apr-25,82.45,72.45,112.45,102.45,162.45,162.45,276000.00,4941000.00
2025-04-07,2025-04-07,BB_reversal,long,22300,09-Apr-25,256.00,246.00,286.00,276.00,336.00,246.00,-36750.00,4904250.00
2025-04-07,2025-04-07,breakout,short,22200,09-Apr-25,250.00,240.00,280.00,270.00,330.00,330.00,294000.00,5198250.00
2025-04-15,2025-04-15,breakout,long,23400,17-Apr-25,54.55,44.55,84.55,74.55,134.55,134.55,306000.00,5504250.00
2025-04-21,2025-04-21,breakout,long,24150,24-Apr-25,97.90,87.90,127.90,117.90,177.90,117.90,82500.00,5586750.00
2025-04-23,2025-04-23,breakout,long,24350,24-Apr-25,36.70,26.70,66.70,56.70,116.70,56.70,82500.00,5669250.00
2025-04-28,2025-04-28,breakout,long,24350,30-Apr-25,86.70,76.70,116.70,106.70,166.70,106.70,84000.00,5753250.00
2025-05-05,2025-05-05,breakout,long,24500,08-May-25,71.00,61.00,101.00,91.00,151.00,91.00,85500.00,5838750.00
2025-05-12,2025-05-12,BB_reversal,short,24850,15-May-25,147.90,137.90,177.90,167.90,227.90,227.90,348000.00,6186750.00
2025-05-12,2025-05-12,breakout,long,24950,15-May-25,197.35,187.35,227.35,217.35,277.35,187.35,-45750.00,6141000.00
2025-05-23,2025-05-23,breakout,long,24900,29-May-25,184.05,174.05,214.05,204.05,264.05,204.05,91500.00,6232500.00
2025-05-26,2025-05-26,breakout,long,25050,29-May-25,185.75,175.75,215.75,205.75,265.75,205.75,93000.00,6325500.00
2025-06-06,2025-06-06,breakout,long,25050,12-Jun-25,140.35,130.35,170.35,160.35,220.35,160.35,94500.00,6420000.00
2025-06-13,2025-06-13,breakout,short,24700,19-Jun-25,170.00,160.00,200.00,190.00,250.00,250.00,384000.00,6804000.00
2025-06-16,2025-06-16,breakout,long,25000,19-Jun-25,100.95,90.95,130.95,120.95,180.95,120.95,102000.00,6906000.00
2025-06-20,2025-06-20,breakout,long,25150,26-Jun-25,118.30,108.30,148.30,138.30,198.30,138.30,103500.00,7009500.00
2025-06-24,2025-06-24,breakout,long,25100,26-Jun-25,87.00,77.00,117.00,107.00,167.00,167.00,420000.00,7429500.00
2025-06-27,2025-06-27,breakout,long,25700,03-Jul-25,106.70,96.70,136.70,126.70,186.70,126.70,111000.00,7540500.00
2025-07-04,2025-07-04,breakout,long,25500,10-Jul-25,116.35,106.35,146.35,136.35,196.35,106.35,-56250.00,7484250.00
2025-07-08,2025-07-08,breakout,long,25550,10-Jul-25,77.35,67.35,107.35,97.35,157.35,67.35,-55500.00,7428750.00
2025-07-14,2025-07-14,BB_reversal,long,25150,17-Jul-25,79.65,69.65,109.65,99.65,159.65,99.65,111000.00,7539750.00
2025-07-18,2025-07-18,breakout,short,24900,24-Jul-25,71.00,61.00,101.00,91.00,151.00,91.00,112500.00,7652250.00
2025-07-25,2025-07-25,breakout,short,24800,31-Jul-25,85.15,75.15,115.15,105.15,165.15,105.15,114000.00,7766250.00