2023-02-01 00:00:00+05:30,17811.6,17972.2,17353.4,17616.3,0
2023-02-02 00:00:00+05:30,17517.1,17653.9,17445.95,17610.4,0
2023-02-03 00:00:00+05:30,17721.75,17870.3,17584.2,17854.05,0
2023-02-06 00:00:00+05:30,17818.55,17823.7,17698.35,17764.6,0
2023-02-07 00:00:00+05:30,17790.1,17811.15,17652.55,17721.5,0
2023-02-08 00:00:00+05:30,17750.3,17898.7,17744.15,17871.7,0
2023-02-09 00:00:00+05:30,17885.5,17916.9,17779.8,17893.45,0
2023-02-10 00:00:00+05:30,17847.55,17876.95,17801,17856.5,0
2023-02-13 00:00:00+05:30,17859.1,17880.7,17719.75,17770.9,0
2023-02-14 00:00:00+05:30,17840.35,17954.55,17800.05,17929.85,0
2023-02-15 00:00:00+05:30,17896.6,18034.1,17853.8,18015.85,0
2023-02-16 00:00:00+05:30,18094.75,18134.75,18000.65,18035.85,0
2023-02-17 00:00:00+05:30,17974.85,18034.25,17884.6,17944.2,0
2023-02-20 00:00:00+05:30,17965.55,18004.35,17818.4,17844.6,0
2023-02-21 00:00:00+05:30,17905.8,17924.9,17800.3,17826.7,0
2023-02-22 00:00:00+05:30,17755.35,17772.5,17529.45,17554.3,0
2023-02-23 00:00:00+05:30,17574.65,17620.05,17455.4,17511.25,0
2023-02-24 00:00:00+05:30,17591.35,17599.75,17421.8,17465.8,0
2023-02-27 00:00:00+05:30,17428.6,17451.6,17299,17392.7,0
2023-02-28 00:00:00+05:30,17383.25,17440.45,17255.2,17303.95,0
2023-03-01 00:00:00+05:30,17360.1,17467.75,17345.25,17450.9,0
2023-03-02 00:00:00+05:30,17421.5,17445.8,17306,17321.9,0
2023-03-03 00:00:00+05:30,17451.25,17644.75,17427.7,17594.35,0
2023-03-06 00:00:00+05:30,17680.35,17799.95,17671.95,17711.45,0
2023-03-08 00:00:00+05:30,17665.75,17766.5,17602.25,17754.4,0
2023-03-09 00:00:00+05:30,17772.05,17772.35,17573.6,17589.6,0
2023-03-10 00:00:00+05:30,17443.8,17451.5,17324.35,17412.9,0
2023-03-13 00:00:00+05:30,17421.9,17529.9,17113.45,17154.3,0
2023-03-14 00:00:00+05:30,17160.55,17224.65,16987.1,17043.3,0
2023-03-15 00:00:00+05:30,17166.45,17211.35,16938.9,16972.15,0
2023-03-16 00:00:00+05:30,16994.65,17062.45,16850.15,16985.6,0
2023-03-17 00:00:00+05:30,17111.8,17145.8,16958.15,17100.05,0
2023-03-20 00:00:00+05:30,17066.6,17066.6,16828.35,16988.4,0
2023-03-21 00:00:00+05:30,17060.4,17127.7,17016,17107.5,0
2023-03-22 00:00:00+05:30,17177.45,17207.25,17107.85,17151.9,0
2023-03-23 00:00:00+05:30,17097.4,17205.4,17045.3,17076.9,0
2023-03-24 00:00:00+05:30,17076.2,17109.45,16917.35,16945.05,0
2023-03-27 00:00:00+05:30,16984.3,17091,16918.55,16985.7,0
2023-03-28 00:00:00+05:30,17031.75,17061.75,16913.75,16951.7,0
2023-03-29 00:00:00+05:30,16977.3,17126.15,16940.6,17080.7,0
2023-03-31 00:00:00+05:30,17210.35,17381.6,17204.65,17359.75,0
2023-04-03 00:00:00+05:30,17427.95,17428.05,17312.75,17398.05,0
2023-04-05 00:00:00+05:30,17422.3,17570.55,17402.7,17557.05,0
2023-04-06 00:00:00+05:30,17533.85,17638.7,17502.85,17599.15,0
2023-04-10 00:00:00+05:30,17634.9,17694.1,17597.95,17624.05,0
2023-04-11 00:00:00+05:30,17704.8,17748.75,17655.15,17722.3,0
2023-04-12 00:00:00+05:30,17759.55,17825.75,17717.25,17812.4,0
2023-04-13 00:00:00+05:30,17807.3,17842.15,17729.65,17828,0
2023-04-17 00:00:00+05:30,17863,17863,17574.05,17706.85,0
2023-04-18 00:00:00+05:30,17766.6,17766.6,17610.2,17660.15,0
2023-04-19 00:00:00+05:30,17653.35,17666.15,17579.85,17618.75,0
2023-04-20 00:00:00+05:30,17638.6,17684.45,17584.35,17624.45,0
2023-04-21 00:00:00+05:30,17639.75,17663.2,17553.95,17624.05,0
2023-04-24 00:00:00+05:30,17707.55,17754.5,17612.5,17743.4,0
2023-04-25 00:00:00+05:30,17761.55,17807.45,17716.85,17769.25,0
2023-04-26 00:00:00+05:30,17767.3,17827.75,17711.2,17813.6,0
2023-04-27 00:00:00+05:30,17813.1,17931.6,17797.9,17915.05,0
2023-04-28 00:00:00+05:30,17950.4,18089.15,17885.3,18065,0
2023-05-02 00:00:00+05:30,18124.8,18180.25,18101.75,18147.65,0
2023-05-03 00:00:00+05:30,18113.8,18116.35,18042.4,18089.85,0
2023-05-04 00:00:00+05:30,18081,18267.45,18066.7,18255.8,0
2023-05-05 00:00:00+05:30,18117.3,18216.95,18055.45,18069,0
2023-05-08 00:00:00+05:30,18120.6,18286.95,18100.3,18264.4,0
2023-05-09 00:00:00+05:30,18303.4,18344.2,18229.65,18265.95,0
2023-05-10 00:00:00+05:30,18313.6,18326.75,18211.95,18315.1,0
2023-05-11 00:00:00+05:30,18357.8,18389.7,18270.4,18297,0
2023-05-12 00:00:00+05:30,18273.75,18342.75,18194.55,18314.8,0
2023-05-15 00:00:00+05:30,18339.3,18458.9,18287.9,18398.85,0
2023-05-16 00:00:00+05:30,18432.35,18432.35,18264.35,18286.5,0
2023-05-17 00:00:00+05:30,18300.45,18309,18115.35,18181.75,0
2023-05-18 00:00:00+05:30,18287.5,18297.2,18104.85,18129.95,0
2023-05-19 00:00:00+05:30,18186.15,18218.1,18060.4,18203.4,0
2023-05-22 00:00:00+05:30,18201.1,18335.25,18178.85,18314.4,0
2023-05-23 00:00:00+05:30,18362.9,18419.75,18324.2,18348,0
2023-05-24 00:00:00+05:30,18294.8,18392.6,18262.95,18285.4,0
2023-05-25 00:00:00+05:30,18268.9,18338.1,18202.4,18321.15,0
2023-05-26 00:00:00+05:30,18368.35,18508.55,18333.15,18499.35,0
2023-05-29 00:00:00+05:30,18619.15,18641.2,18581.25,18598.65,0
2023-05-30 00:00:00+05:30,18606.65,18662.45,18575.5,18633.85,0
2023-05-31 00:00:00+05:30,18594.2,18603.9,18483.85,18534.4,0
2023-06-01 00:00:00+05:30,18579.4,18580.3,18464.55,18487.75,0
2023-06-02 00:00:00+05:30,18550.85,18573.7,18478.4,18534.1,0
2023-06-05 00:00:00+05:30,18612,18640.15,18582.8,18593.85,0
2023-06-06 00:00:00+05:30,18600.8,18622.75,18531.6,18599,0
2023-06-07 00:00:00+05:30,18665.6,18738.95,18636,18726.4,0
2023-06-08 00:00:00+05:30,18725.35,18777.9,18615.6,18634.55,0
2023-06-09 00:00:00+05:30,18655.9,18676.65,18555.4,18563.4,0
2023-06-12 00:00:00+05:30,18595.05,18633.6,18559.75,18601.5,0
2023-06-13 00:00:00+05:30,18631.8,18728.9,18631.8,18716.15,0
2023-06-14 00:00:00+05:30,18744.6,18769.7,18690,18755.9,0
2023-06-15 00:00:00+05:30,18774.45,18794.1,18669.05,18688.1,0
2023-06-16 00:00:00+05:30,18723.3,18864.7,18710.5,18826,0
2023-06-19 00:00:00+05:30,18873.3,18881.45,18719.15,18755.45,0
2023-06-20 00:00:00+05:30,18752.35,18839.7,18660.65,18816.7,0
2023-06-21 00:00:00+05:30,18849.4,18875.9,18794.85,18856.85,0
2023-06-22 00:00:00+05:30,18853.6,18886.6,18759.5,18771.25,0
2023-06-23 00:00:00+05:30,18741.85,18756.4,18647.1,18665.5,0
2023-06-26 00:00:00+05:30,18682.35,18722.05,18646.7,18691.2,0
2023-06-27 00:00:00+05:30,18748.55,18829.25,18714.25,18817.4,0
2023-06-28 00:00:00+05:30,18908.15,19011.25,18861.35,18972.1,0
2023-06-30 00:00:00+05:30,19076.85,19201.7,19024.6,19189.05,0
2023-07-03 00:00:00+05:30,19246.5,19345.1,19234.4,19322.55,0
2023-07-04 00:00:00+05:30,19406.6,19434.15,19300,19389,0
2023-07-05 00:00:00+05:30,19405.95,19421.6,19339.6,19398.5,0
2023-07-06 00:00:00+05:30,19385.7,19512.2,19373,19497.3,0
2023-07-07 00:00:00+05:30,19422.8,19523.6,19303.6,19331.8,0
2023-07-10 00:00:00+05:30,19400.35,19435.85,19327.1,19355.9,0
2023-07-11 00:00:00+05:30,19427.1,19515.1,19406.45,19439.4,0
2023-07-12 00:00:00+05:30,19497.45,19507.7,19361.75,19384.3,0
2023-07-13 00:00:00+05:30,19495.2,19567,19385.8,19413.75,0
2023-07-14 00:00:00+05:30,19493.45,19595.35,19433.5,19564.5,0
2023-07-17 00:00:00+05:30,19612.15,19731.85,19562.95,19711.45,0
2023-07-18 00:00:00+05:30,19787.5,19819.45,19690.2,19749.25,0
2023-07-19 00:00:00+05:30,19802.95,19851.7,19727.45,19833.15,0
2023-07-20 00:00:00+05:30,19831.7,19991.85,19758.4,19979.15,0
2023-07-21 00:00:00+05:30,19800.45,19887.4,19700,19745,0
2023-07-24 00:00:00+05:30,19748.45,19782.75,19658.3,19672.35,0
2023-07-25 00:00:00+05:30,19729.35,19729.35,19615.95,19680.6,0
2023-07-26 00:00:00+05:30,19733.35,19825.6,19716.7,19778.3,0
2023-07-27 00:00:00+05:30,19850.9,19867.55,19603.55,19659.9,0
2023-07-28 00:00:00+05:30,19659.75,19695.9,19563.1,19646.05,0
2023-07-31 00:00:00+05:30,19666.35,19772.75,19597.6,19753.8,0
2023-08-01 00:00:00+05:30,19784,19795.6,19704.6,19733.55,0
2023-08-02 00:00:00+05:30,19655.4,19678.25,19423.55,19526.55,0
2023-08-03 00:00:00+05:30,19463.75,19537.65,19296.45,19381.65,0
2023-08-04 00:00:00+05:30,19462.8,19538.85,19436.45,19517,0
2023-08-07 00:00:00+05:30,19576.85,19620.45,19524.8,19597.3,0
2023-08-08 00:00:00+05:30,19627.2,19634.4,19533.1,19570.85,0
2023-08-09 00:00:00+05:30,19578.8,19645.5,19467.5,19632.55,0
2023-08-10 00:00:00+05:30,19605.55,19623.6,19495.4,19543.1,0
2023-08-11 00:00:00+05:30,19554.25,19557.75,19412.75,19428.3,0
2023-08-14 00:00:00+05:30,19383.95,19465.85,19257.9,19434.55,0
2023-08-16 00:00:00+05:30,19369,19482.75,19317.2,19465,0
2023-08-17 00:00:00+05:30,19450.55,19461.55,19326.25,19365.25,0
2023-08-18 00:00:00+05:30,19301.75,19373.8,19253.6,19310.15,0
2023-08-21 00:00:00+05:30,19320.65,19425.95,19296.3,19393.6,0
2023-08-22 00:00:00+05:30,19417.1,19443.5,19381.3,19396.45,0
2023-08-23 00:00:00+05:30,19439.2,19472.05,19366.6,19444,0
2023-08-24 00:00:00+05:30,19535.15,19584.45,19369,19386.7,0
2023-08-25 00:00:00+05:30,19297.4,19339.55,19229.7,19265.8,0
2023-08-28 00:00:00+05:30,19298.35,19366.85,19249.7,19306.05,0
2023-08-29 00:00:00+05:30,19374.85,19377.9,19309.1,19342.65,0
2023-08-30 00:00:00+05:30,19433.45,19452.8,19334.75,19347.45,0
2023-08-31 00:00:00+05:30,19375.55,19388.2,19223.65,19253.8,0
2023-09-01 00:00:00+05:30,19258.15,19458.55,19255.7,19435.3,0
2023-09-04 00:00:00+05:30,19525.05,19545.15,19432.85,19528.8,0
2023-09-05 00:00:00+05:30,19564.65,19587.05,19525.75,19574.9,0
2023-09-06 00:00:00+05:30,19581.2,19636.45,19491.5,19611.05,0
2023-09-07 00:00:00+05:30,19598.65,19737,19550.05,19727.05,0
2023-09-08 00:00:00+05:30,19774.8,19867.15,19727.05,19819.95,0
2023-09-11 00:00:00+05:30,19890,20008.15,19865.35,19996.35,0
2023-09-12 00:00:00+05:30,20110.15,20110.35,19914.65,19993.2,0
2023-09-13 00:00:00+05:30,19989.5,20096.9,19944.1,20070,0
2023-09-14 00:00:00+05:30,20127.95,20167.65,20043.45,20103.1,0
2023-09-15 00:00:00+05:30,20156.45,20222.45,20129.7,20192.35,0
2023-09-18 00:00:00+05:30,20155.95,20195.35,20115.7,20133.3,0
2023-09-20 00:00:00+05:30,19980.75,20050.65,19878.85,19901.4,0
2023-09-21 00:00:00+05:30,19840.55,19848.75,19709.95,19742.35,0
2023-09-22 00:00:00+05:30,19744.85,19798.65,19657.5,19674.25,0
2023-09-25 00:00:00+05:30,19678.2,19734.15,19601.55,19674.55,0
2023-09-26 00:00:00+05:30,19682.8,19699.35,19637.45,19664.7,0
2023-09-27 00:00:00+05:30,19637.05,19730.7,19554,19716.45,0
2023-09-28 00:00:00+05:30,19761.8,19766.65,19492.1,19523.55,0
2023-09-29 00:00:00+05:30,19581.2,19726.25,19551.05,19638.3,0
2023-10-03 00:00:00+05:30,19622.4,19623.2,19479.65,19528.75,0
2023-10-04 00:00:00+05:30,19446.3,19457.8,19333.6,19436.1,0
2023-10-05 00:00:00+05:30,19521.85,19576.95,19487.3,19545.75,0
2023-10-06 00:00:00+05:30,19621.2,19675.75,19589.4,19653.5,0
2023-10-09 00:00:00+05:30,19539.45,19588.95,19480.5,19512.35,0
2023-10-10 00:00:00+05:30,19565.6,19717.8,19565.45,19689.85,0
2023-10-11 00:00:00+05:30,19767,19839.2,19756.95,19811.35,0
2023-10-12 00:00:00+05:30,19822.7,19843.3,19772.65,19794,0
2023-10-13 00:00:00+05:30,19654.55,19805.4,19635.3,19751.05,0
2023-10-16 00:00:00+05:30,19737.25,19781.3,19691.85,19731.75,0
2023-10-17 00:00:00+05:30,19843.2,19849.75,19775.65,19811.5,0
2023-10-18 00:00:00+05:30,19820.45,19840.95,19659.95,19671.1,0
2023-10-19 00:00:00+05:30,19545.2,19681.8,19512.35,19624.7,0
2023-10-20 00:00:00+05:30,19542.15,19593.8,19518.7,19542.65,0
2023-10-23 00:00:00+05:30,19521.6,19556.85,19257.85,19281.75,0
2023-10-25 00:00:00+05:30,19286.45,19347.3,19074.15,19122.15,0
2023-10-26 00:00:00+05:30,19027.25,19041.7,18837.85,18857.25,0
2023-10-27 00:00:00+05:30,18928.75,19076.15,18926.65,19047.25,0
2023-10-30 00:00:00+05:30,19053.4,19158.5,18940,19140.9,0
2023-10-31 00:00:00+05:30,19232.95,19233.7,19056.45,19079.6,0
2023-11-01 00:00:00+05:30,19064.05,19096.05,18973.7,18989.15,0
2023-11-02 00:00:00+05:30,19120,19175.25,19064.15,19133.25,0
2023-11-03 00:00:00+05:30,19241,19276.25,19210.9,19230.6,0
2023-11-06 00:00:00+05:30,19345.85,19423,19309.7,19411.75,0
2023-11-07 00:00:00+05:30,19404.05,19423.5,19329.1,19406.7,0
2023-11-08 00:00:00+05:30,19449.6,19464.4,19401.5,19443.5,0
2023-11-09 00:00:00+05:30,19457.4,19463.9,19378.35,19395.3,0
2023-11-10 00:00:00+05:30,19351.85,19451.3,19329.45,19425.35,0
2023-11-12 00:00:00+05:30,19547.25,19547.25,19510.25,19525.55,0
2023-11-13 00:00:00+05:30,19486.75,19494.4,19414.75,19443.55,0
2023-11-15 00:00:00+05:30,19651.4,19693.2,19579.65,19675.45,0
2023-11-16 00:00:00+05:30,19674.7,19875.25,19627,19765.2,0
2023-11-17 00:00:00+05:30,19674.75,19806,19667.45,19731.8,0
2023-11-20 00:00:00+05:30,19731.15,19756.45,19670.5,19694,0
2023-11-21 00:00:00+05:30,19770.9,19829.1,19754.05,19783.4,0
2023-11-22 00:00:00+05:30,19784,19825.55,19703.85,19811.85,0
2023-11-23 00:00:00+05:30,19828.45,19875.15,19786.75,19802,0
2023-11-24 00:00:00+05:30,19809.6,19832.85,19768.85,19794.7,0
2023-11-28 00:00:00+05:30,19844.65,19916.85,19800,19889.7,0
2023-11-29 00:00:00+05:30,19976.55,20104.65,19956.3,20096.6,0
2023-11-30 00:00:00+05:30,20108.5,20158.7,20015.85,20133.15,0
2023-12-01 00:00:00+05:30,20194.1,20291.55,20183.7,20267.9,0
2023-12-04 00:00:00+05:30,20601.95,20702.65,20507.75,20686.8,0
2023-12-05 00:00:00+05:30,20808.9,20864.05,20711.15,20855.1,0
2023-12-06 00:00:00+05:30,20950.75,20961.95,20852.15,20937.7,0
2023-12-07 00:00:00+05:30,20932.4,20941.25,20850.8,20901.15,0
2023-12-08 00:00:00+05:30,20934.1,21006.1,20862.7,20969.4,0
2023-12-11 00:00:00+05:30,20965.3,21026.1,20923.7,20997.1,0
2023-12-12 00:00:00+05:30,21018.55,21037.9,20867.15,20906.4,0
2023-12-13 00:00:00+05:30,20929.75,20950,20769.5,20926.35,0
2023-12-14 00:00:00+05:30,21110.4,21210.9,21074.45,21182.7,0
2023-12-15 00:00:00+05:30,21287.45,21492.3,21235.3,21456.65,0
2023-12-18 00:00:00+05:30,21434.8,21482.8,21365.35,21418.65,0
2023-12-19 00:00:00+05:30,21477.65,21505.05,21337.75,21453.1,0
2023-12-20 00:00:00+05:30,21543.5,21593,21087.35,21150.15,0
2023-12-21 00:00:00+05:30,21033.95,21288.35,20976.8,21255.05,0
2023-12-22 00:00:00+05:30,21295.85,21390.5,21232.45,21349.4,0
2023-12-26 00:00:00+05:30,21365.2,21477.15,21329.45,21441.35,0
2023-12-27 00:00:00+05:30,21497.65,21675.75,21495.8,21654.75,0
2023-12-28 00:00:00+05:30,21715,21801.45,21678,21778.7,0
2023-12-29 00:00:00+05:30,21737.65,21770.3,21676.9,21731.4,0
2024-01-01 00:00:00+05:30,21727.75,21834.35,21680.85,21741.9,0
2024-01-02 00:00:00+05:30,21751.35,21755.6,21555.65,21665.8,0
2024-01-03 00:00:00+05:30,21661.1,21677,21500.35,21517.35,0
2024-01-04 00:00:00+05:30,21605.8,21685.65,21564.55,21658.6,0
2024-01-05 00:00:00+05:30,21705.75,21749.6,21629.2,21710.8,0
2024-01-08 00:00:00+05:30,21747.6,21763.95,21492.9,21513,0
2024-01-09 00:00:00+05:30,21653.6,21724.45,21517.85,21544.85,0
2024-01-10 00:00:00+05:30,21529.3,21641.85,21448.65,21618.7,0
2024-01-11 00:00:00+05:30,21688,21726.5,21593.75,21647.2,0
2024-01-12 00:00:00+05:30,21773.55,21928.25,21715.15,21894.55,0
2024-01-15 00:00:00+05:30,22053.15,22115.55,21963.55,22097.45,0
2024-01-16 00:00:00+05:30,22080.5,22124.15,21969.8,22032.3,0
2024-01-17 00:00:00+05:30,21647.25,21851.5,21550.45,21571.95,0
2024-01-18 00:00:00+05:30,21414.2,21539.4,21285.55,21462.25,0
2024-01-19 00:00:00+05:30,21615.2,21670.6,21575,21622.4,0
2024-01-20 00:00:00+05:30,21706.15,21720.3,21541.8,21571.8,0
2024-01-23 00:00:00+05:30,21716.7,21750.25,21192.6,21238.8,0
2024-01-24 00:00:00+05:30,21185.25,21482.35,21137.2,21453.95,0
2024-01-25 00:00:00+05:30,21454.6,21459,21247.05,21352.6,0
2024-01-29 00:00:00+05:30,21433.1,21763.25,21429.6,21737.6,0
2024-01-30 00:00:00+05:30,21775.75,21813.05,21501.8,21522.1,0
2024-01-31 00:00:00+05:30,21487.25,21741.35,21448.85,21725.7,0
2024-02-01 00:00:00+05:30,21780.65,21832.95,21658.75,21697.45,0
2024-02-02 00:00:00+05:30,21812.75,22126.8,21805.55,21853.8,0
2024-02-05 00:00:00+05:30,21921.05,21964.3,21726.95,21771.7,0
2024-02-06 00:00:00+05:30,21825.2,21951.4,21737.55,21929.4,0
2024-02-07 00:00:00+05:30,22045.05,22053.3,21860.15,21930.5,0
2024-02-08 00:00:00+05:30,22009.65,22011.05,21665.3,21717.95,0
2024-02-09 00:00:00+05:30,21727,21804.45,21629.9,21782.5,0
2024-02-12 00:00:00+05:30,21800.8,21831.7,21574.75,21616.05,0
2024-02-13 00:00:00+05:30,21664.3,21766.8,21543.35,21743.25,0
2024-02-14 00:00:00+05:30,21578.15,21870.85,21530.2,21840.05,0
2024-02-15 00:00:00+05:30,21906.55,21953.85,21794.8,21910.75,0
2024-02-16 00:00:00+05:30,22020.3,22068.65,21968.95,22040.7,0
2024-02-19 00:00:00+05:30,22103.45,22186.65,22021.05,22122.25,0
2024-02-20 00:00:00+05:30,22099.2,22215.6,22045.85,22196.95,0
2024-02-21 00:00:00+05:30,22248.85,22249.4,21997.95,22055.05,0
2024-02-22 00:00:00+05:30,22081.55,22252.5,21875.25,22217.45,0
2024-02-23 00:00:00+05:30,22290,22297.5,22186.1,22212.7,0
2024-02-26 00:00:00+05:30,22169.2,22202.15,22075.15,22122.05,0
2024-02-27 00:00:00+05:30,22090.2,22218.25,22085.65,22198.35,0
2024-02-28 00:00:00+05:30,22214.1,22229.15,21915.85,21951.15,0
2024-02-29 00:00:00+05:30,21935.2,22060.55,21860.65,21982.8,0
2024-03-01 00:00:00+05:30,22048.3,22353.3,22047.75,22338.75,0
2024-03-02 00:00:00+05:30,22406.95,22419.55,22367.05,22378.4,0
2024-03-04 00:00:00+05:30,22403.5,22440.9,22358.3,22405.6,0
2024-03-05 00:00:00+05:30,22371.25,22416.9,22269.15,22356.3,0
2024-03-06 00:00:00+05:30,22327.5,22497.2,22224.35,22474.05,0
2024-03-07 00:00:00+05:30,22505.3,22525.65,22430,22493.55,0
2024-03-11 00:00:00+05:30,22517.5,22526.6,22307.25,22332.65,0
2024-03-12 00:00:00+05:30,22334.45,22452.55,22256,22335.7,0
2024-03-13 00:00:00+05:30,22432.2,22446.75,21905.65,21997.7,0
2024-03-14 00:00:00+05:30,21982.55,22204.6,21917.5,22146.65,0
2024-03-15 00:00:00+05:30,22064.85,22120.9,21931.7,22023.35,0
2024-03-18 00:00:00+05:30,21990.1,22123.7,21916.55,22055.7,0
2024-03-19 00:00:00+05:30,21946.45,21978.3,21793.1,21817.45,0
2024-03-20 00:00:00+05:30,21843.9,21930.9,21710.2,21839.1,0
2024-03-21 00:00:00+05:30,21989.9,22080.95,21941.3,22011.95,0
2024-03-22 00:00:00+05:30,21932.2,22180.7,21883.3,22096.75,0
2024-03-26 00:00:00+05:30,21947.9,22073.2,21947.55,22004.7,0
2024-03-27 00:00:00+05:30,22053.95,22193.6,22052.85,22123.65,0
2024-03-28 00:00:00+05:30,22163.6,22516,22163.6,22326.9,0
2024-04-01 00:00:00+05:30,22455,22529.95,22427.75,22462,0
2024-04-02 00:00:00+05:30,22458.8,22497.6,22388.15,22453.3,0
2024-04-03 00:00:00+05:30,22385.7,22521.1,22346.5,22434.65,0
2024-04-04 00:00:00+05:30,22592.1,22619,22303.8,22514.65,0
2024-04-05 00:00:00+05:30,22486.4,22537.6,22427.6,22513.7,0
2024-04-08 00:00:00+05:30,22578.35,22697.3,22550.35,22666.3,0
2024-04-09 00:00:00+05:30,22765.1,22768.4,22612.25,22642.75,0
2024-04-10 00:00:00+05:30,22720.25,22775.7,22673.7,22753.8,0
2024-04-12 00:00:00+05:30,22677.4,22726.45,22503.75,22519.4,0
2024-04-15 00:00:00+05:30,22339.05,22427.45,22259.55,22272.5,0
2024-04-16 00:00:00+05:30,22125.3,22213.75,22079.45,22147.9,0
2024-04-18 00:00:00+05:30,22212.35,22326.5,21961.7,21995.85,0
2024-04-19 00:00:00+05:30,21861.5,22179.55,21777.65,22147,0
2024-04-22 00:00:00+05:30,22336.9,22375.65,22198.15,22336.4,0
2024-04-23 00:00:00+05:30,22447.05,22447.55,22349.45,22368,0
2024-04-24 00:00:00+05:30,22421.55,22476.45,22384,22402.4,0
2024-04-25 00:00:00+05:30,22316.9,22625.95,22305.25,22570.35,0
2024-04-26 00:00:00+05:30,22620.4,22620.4,22385.55,22419.95,0
2024-04-29 00:00:00+05:30,22475.55,22655.8,22441.9,22643.4,0
2024-04-30 00:00:00+05:30,22679.65,22783.35,22568.4,22604.85,0
2024-05-02 00:00:00+05:30,22567.85,22710.5,22567.85,22648.2,0
2024-05-03 00:00:00+05:30,22766.35,22794.7,22348.05,22475.85,0
2024-05-06 00:00:00+05:30,22561.6,22588.8,22409.45,22442.7,0
2024-05-07 00:00:00+05:30,22489.75,22499.05,22232.05,22302.5,0
2024-05-08 00:00:00+05:30,22231.2,22368.65,22185.2,22302.5,0
2024-05-09 00:00:00+05:30,22224.8,22307.75,21932.4,21957.5,0
2024-05-10 00:00:00+05:30,21990.95,22131.3,21950.3,22055.2,0
2024-05-13 00:00:00+05:30,22027.95,22131.65,21821.05,22104.05,0
2024-05-14 00:00:00+05:30,22112.9,22270.05,22081.25,22217.85,0
2024-05-15 00:00:00+05:30,22255.6,22297.55,22151.75,22200.55,0
2024-05-16 00:00:00+05:30,22319.2,22432.25,22054.55,22403.85,0
2024-05-17 00:00:00+05:30,22415.25,22502.15,22345.65,22466.1,0
2024-05-18 00:00:00+05:30,22512.85,22520.25,22470.05,22502,0
2024-05-21 00:00:00+05:30,22404.55,22591.1,22404.55,22529.05,0
2024-05-22 00:00:00+05:30,22576.6,22629.5,22483.15,22597.8,0
2024-05-23 00:00:00+05:30,22614.1,22993.6,22577.45,22967.65,0
2024-05-24 00:00:00+05:30,22930.75,23026.4,22908,22957.1,0
2024-05-27 00:00:00+05:30,23038.95,23110.8,22871.2,22932.45,0
2024-05-28 00:00:00+05:30,22977.15,22998.55,22858.5,22888.15,0
2024-05-29 00:00:00+05:30,22762.75,22825.5,22685.45,22704.7,0
2024-05-30 00:00:00+05:30,22617.45,22705.75,22417,22488.65,0
2024-05-31 00:00:00+05:30,22568.1,22653.75,22465.1,22530.7,0
2024-06-03 00:00:00+05:30,23337.9,23338.7,23062.3,23263.9,0
2024-06-04 00:00:00+05:30,23179.5,23179.5,21281.45,21884.5,0
2024-06-05 00:00:00+05:30,22128.35,22670.4,21791.95,22620.35,0
2024-06-06 00:00:00+05:30,22798.6,22910.15,22642.6,22821.4,0
2024-06-07 00:00:00+05:30,22821.85,23320.2,22789.05,23290.15,0
2024-06-10 00:00:00+05:30,23319.15,23411.9,23227.15,23259.2,0
2024-06-11 00:00:00+05:30,23283.75,23389.45,23206.65,23264.85,0
2024-06-12 00:00:00+05:30,23344.45,23441.95,23295.95,23322.95,0
2024-06-13 00:00:00+05:30,23480.95,23481.05,23353.9,23398.9,0
2024-06-14 00:00:00+05:30,23464.95,23490.4,23334.25,23465.6,0
2024-06-18 00:00:00+05:30,23570.8,23579.05,23499.7,23557.9,0
2024-06-19 00:00:00+05:30,23629.85,23664,23412.9,23516,0
2024-06-20 00:00:00+05:30,23586.15,23624,23442.6,23567,0
2024-06-21 00:00:00+05:30,23661.15,23667.1,23398.2,23501.1,0
2024-06-24 00:00:00+05:30,23382.3,23558.1,23350,23537.85,0
2024-06-25 00:00:00+05:30,23577.1,23754.15,23562.05,23721.3,0
2024-06-26 00:00:00+05:30,23723.1,23889.9,23670.45,23868.8,0
2024-06-27 00:00:00+05:30,23881.55,24087.45,23805.4,24044.5,0
2024-06-28 00:00:00+05:30,24085.9,24174,23985.8,24010.6,0
2024-07-01 00:00:00+05:30,23992.95,24164,23992.7,24141.95,0
2024-07-02 00:00:00+05:30,24228.75,24236.35,24056.4,24123.85,0
2024-07-03 00:00:00+05:30,24291.75,24309.15,24207.1,24286.5,0
2024-07-04 00:00:00+05:30,24369.95,24401,24281,24302.15,0
2024-07-05 00:00:00+05:30,24213.35,24363,24168.85,24323.85,0
2024-07-08 00:00:00+05:30,24329.45,24344.6,24240.55,24320.55,0
2024-07-09 00:00:00+05:30,24351,24443.6,24331.9,24433.2,0
2024-07-10 00:00:00+05:30,24459.85,24461.05,24141.8,24324.45,0
2024-07-11 00:00:00+05:30,24396.55,24402.65,24193.75,24315.95,0
2024-07-12 00:00:00+05:30,24387.95,24592.2,24331.15,24502.15,0
2024-07-15 00:00:00+05:30,24587.6,24635.05,24522.75,24586.7,0
2024-07-16 00:00:00+05:30,24615.9,24661.25,24587.65,24613,0
2024-07-18 00:00:00+05:30,24543.8,24837.75,24504.45,24800.85,0
2024-07-19 00:00:00+05:30,24853.8,24854.8,24508.15,24530.9,0
2024-07-22 00:00:00+05:30,24445.75,24595.2,24362.3,24509.25,0
2024-07-23 00:00:00+05:30,24568.9,24582.55,24074.2,24479.05,0
2024-07-24 00:00:00+05:30,24444.95,24504.25,24307.25,24413.5,0
2024-07-25 00:00:00+05:30,24230.95,24426.15,24210.8,24406.1,0
2024-07-26 00:00:00+05:30,24423.35,24861.15,24410.9,24834.85,0
2024-07-29 00:00:00+05:30,24943.3,24999.75,24774.6,24836.1,0
2024-07-30 00:00:00+05:30,24839.4,24971.75,24798.65,24857.3,0
2024-07-31 00:00:00+05:30,24886.7,24984.6,24856.5,24951.15,0
2024-08-01 00:00:00+05:30,25030.95,25078.3,24956.4,25010.9,0
2024-08-02 00:00:00+05:30,24789,24851.9,24686.85,24717.7,0
2024-08-05 00:00:00+05:30,24302.85,24350.05,23893.7,24055.6,0
2024-08-06 00:00:00+05:30,24189.85,24382.6,23960.4,23992.55,0
2024-08-07 00:00:00+05:30,24289.4,24337.7,24184.9,24297.5,0
2024-08-08 00:00:00+05:30,24248.55,24340.5,24079.7,24117,0
2024-08-09 00:00:00+05:30,24386.85,24419.75,24311.2,24367.5,0
2024-08-12 00:00:00+05:30,24320.05,24472.8,24212.1,24347,0
2024-08-13 00:00:00+05:30,24342.35,24359.95,24116.5,24139,0
2024-08-14 00:00:00+05:30,24184.4,24196.5,24099.7,24143.75,0
2024-08-16 00:00:00+05:30,24334.85,24563.9,24204.5,24541.15,0
2024-08-19 00:00:00+05:30,24636.35,24638.8,24522.95,24572.65,0
2024-08-20 00:00:00+05:30,24648.9,24734.3,24607.2,24698.85,0
2024-08-21 00:00:00+05:30,24680.55,24787.95,24654.5,24770.2,0
2024-08-22 00:00:00+05:30,24863.4,24867.35,24784.45,24811.5,0
2024-08-23 00:00:00+05:30,24845.4,24858.4,24771.65,24823.15,0
2024-08-26 00:00:00+05:30,24906.1,25043.8,24874.7,25010.6,0
2024-08-27 00:00:00+05:30,25024.8,25073.1,24973.65,25017.75,0
2024-08-28 00:00:00+05:30,25030.8,25129.6,24964.65,25052.35,0
2024-08-29 00:00:00+05:30,25035.3,25192.9,24998.5,25151.95,0
2024-08-30 00:00:00+05:30,25249.7,25268.35,25199.4,25235.9,0
2024-09-02 00:00:00+05:30,25333.6,25333.65,25235.5,25278.7,0
2024-09-03 00:00:00+05:30,25313.4,25321.7,25235.8,25279.85,0
2024-09-04 00:00:00+05:30,25089.95,25216,25083.8,25198.7,0
2024-09-05 00:00:00+05:30,25250.5,25275.45,25127.75,25145.1,0
2024-09-06 00:00:00+05:30,25093.7,25168.75,24801.3,24852.15,0
2024-09-09 00:00:00+05:30,24823.4,24957.5,24753.15,24936.4,0
2024-09-10 00:00:00+05:30,24999.4,25130.5,24896.8,25041.1,0
2024-09-11 00:00:00+05:30,25034,25113.7,24885.15,24918.45,0
2024-09-12 00:00:00+05:30,25059.65,25433.35,24941.45,25388.9,0
2024-09-13 00:00:00+05:30,25430.45,25430.5,25292.45,25356.5,0
2024-09-16 00:00:00+05:30,25406.65,25445.7,25336.2,25383.75,0
2024-09-17 00:00:00+05:30,25416.9,25441.65,25352.25,25418.55,0
2024-09-18 00:00:00+05:30,25402.4,25482.2,25285.55,25377.55,0
2024-09-19 00:00:00+05:30,25487.05,25611.95,25376.05,25415.8,0
2024-09-20 00:00:00+05:30,25525.95,25849.25,25426.6,25790.95,0
2024-09-23 00:00:00+05:30,25872.55,25956,25847.35,25939.05,0
2024-09-24 00:00:00+05:30,25921.45,26011.55,25886.85,25940.4,0
2024-09-25 00:00:00+05:30,25899.45,26032.8,25871.35,26004.15,0
2024-09-26 00:00:00+05:30,26005.4,26250.9,25998.4,26216.05,0
2024-09-27 00:00:00+05:30,26248.25,26277.35,26151.4,26178.95,0
2024-09-30 00:00:00+05:30,26061.3,26134.7,25794.1,25810.85,0
2024-10-01 00:00:00+05:30,25788.45,25907.6,25739.2,25796.9,0
2024-10-03 00:00:00+05:30,25452.85,25639.45,25230.3,25250.1,0
2024-10-04 00:00:00+05:30,25181.9,25485.05,24966.8,25014.6,0
2024-10-07 00:00:00+05:30,25084.1,25143,24694.35,24795.75,0
2024-10-08 00:00:00+05:30,24832.2,25044,24756.8,25013.15,0
2024-10-09 00:00:00+05:30,25065.8,25234.05,24947.7,24981.95,0
2024-10-10 00:00:00+05:30,25067.05,25134.05,24979.4,24998.45,0
2024-10-11 00:00:00+05:30,24985.3,25028.65,24920.05,24964.25,0
2024-10-14 00:00:00+05:30,25023.45,25159.75,25017.5,25127.95,0
2024-10-15 00:00:00+05:30,25186.3,25212.05,25008.15,25057.35,0
2024-10-16 00:00:00+05:30,25008.55,25093.4,24908.45,24971.3,0
2024-10-17 00:00:00+05:30,25027.4,25029.5,24728.9,24749.85,0
2024-10-18 00:00:00+05:30,24664.95,24886.2,24567.65,24854.05,0
2024-10-21 00:00:00+05:30,24956.15,24978.3,24679.6,24781.1,0
2024-10-22 00:00:00+05:30,24798.65,24882,24445.8,24472.1,0
2024-10-23 00:00:00+05:30,24378.15,24604.25,24378.1,24435.5,0
2024-10-24 00:00:00+05:30,24412.7,24480.65,24341.2,24399.4,0
2024-10-25 00:00:00+05:30,24418.05,24440.25,24073.9,24180.8,0
2024-10-28 00:00:00+05:30,24251.1,24492.6,24134.9,24339.15,0
2024-10-29 00:00:00+05:30,24328.85,24484.5,24140.85,24466.85,0
2024-10-30 00:00:00+05:30,24371.45,24498.2,24307.3,24340.85,0
2024-10-31 00:00:00+05:30,24349.85,24372.45,24172.6,24205.35,0
2024-11-01 00:00:00+05:30,24302.75,24368.25,24280.2,24304.35,0
2024-11-04 00:00:00+05:30,24315.75,24316.75,23816.15,23995.35,0
2024-11-05 00:00:00+05:30,23916.5,24229.05,23842.75,24213.3,0
2024-11-06 00:00:00+05:30,24308.75,24537.6,24204.05,24484.05,0
2024-11-07 00:00:00+05:30,24489.6,24503.35,24179.05,24199.35,0
2024-11-08 00:00:00+05:30,24207.7,24276.15,24066.65,24148.2,0
2024-11-11 00:00:00+05:30,24087.25,24336.8,24004.6,24141.3,0
2024-11-12 00:00:00+05:30,24225.8,24242,23839.15,23883.45,0
2024-11-13 00:00:00+05:30,23822.45,23873.6,23509.6,23559.05,0
2024-11-14 00:00:00+05:30,23542.15,23675.9,23484.15,23532.7,0
2024-11-18 00:00:00+05:30,23605.3,23606.8,23350.4,23453.8,0
2024-11-19 00:00:00+05:30,23529.55,23780.65,23464.8,23518.5,0
2024-11-21 00:00:00+05:30,23488.45,23507.3,23263.15,23349.9,0
2024-11-22 00:00:00+05:30,23411.8,23956.1,23359,23907.25,0
2024-11-25 00:00:00+05:30,24253.55,24351.55,24135.45,24221.9,0
2024-11-26 00:00:00+05:30,24343.3,24343.3,24125.4,24194.5,0
2024-11-27 00:00:00+05:30,24204.8,24354.55,24145.65,24274.9,0
2024-11-28 00:00:00+05:30,24274.15,24345.75,23873.35,23914.15,0
2024-11-29 00:00:00+05:30,23927.15,24188.45,23927.15,24131.1,0
2024-12-02 00:00:00+05:30,24140.85,24301.7,24008.65,24276.05,0
2024-12-03 00:00:00+05:30,24367.5,24481.35,24280,24457.15,0
2024-12-04 00:00:00+05:30,24488.75,24573.2,24366.3,24467.45,0
2024-12-05 00:00:00+05:30,24539.15,24857.75,24295.55,24708.4,0
2024-12-06 00:00:00+05:30,24729.45,24751.05,24620.5,24677.8,0
2024-12-09 00:00:00+05:30,24633.9,24705,24580.05,24619,0
2024-12-10 00:00:00+05:30,24652.65,24677.8,24510.65,24610.05,0
2024-12-11 00:00:00+05:30,24620.5,24691.75,24583.85,24641.8,0
2024-12-12 00:00:00+05:30,24604.45,24675.25,24527.95,24548.7,0
2024-12-13 00:00:00+05:30,24498.35,24792.3,24180.8,24768.3,0
2024-12-16 00:00:00+05:30,24753.4,24781.25,24601.75,24668.25,0
2024-12-17 00:00:00+05:30,24584.8,24624.1,24303.45,24336,0
2024-12-18 00:00:00+05:30,24297.95,24394.45,24149.85,24198.85,0
2024-12-19 00:00:00+05:30,23877.15,24004.9,23870.3,23951.7,0
2024-12-20 00:00:00+05:30,23960.7,24065.8,23537.35,23587.5,0
2024-12-23 00:00:00+05:30,23738.2,23869.55,23647.2,23753.45,0
2024-12-24 00:00:00+05:30,23769.1,23867.65,23685.15,23727.65,0
2024-12-26 00:00:00+05:30,23775.8,23854.5,23653.6,23750.2,0
2024-12-27 00:00:00+05:30,23801.4,23938.85,23800.6,23813.4,0
2024-12-30 00:00:00+05:30,23796.9,23915.35,23599.3,23644.9,0
2024-12-31 00:00:00+05:30,23560.6,23689.85,23460.45,23644.8,0
2025-01-01 00:00:00+05:30,23637.65,23822.8,23562.8,23742.9,0
2025-01-02 00:00:00+05:30,23783,24226.7,23751.55,24188.65,0
2025-01-03 00:00:00+05:30,24196.4,24196.45,23976,24004.75,0
2025-01-06 00:00:00+05:30,24045.8,24089.95,23551.9,23616.05,0
2025-01-07 00:00:00+05:30,23679.9,23795.2,23637.8,23707.9,0
2025-01-08 00:00:00+05:30,23746.65,23751.85,23496.15,23688.95,0
2025-01-09 00:00:00+05:30,23674.75,23689.5,23503.05,23526.5,0
2025-01-10 00:00:00+05:30,23551.9,23596.6,23344.35,23431.5,0
2025-01-13 00:00:00+05:30,23195.4,23340.95,23047.25,23085.95,0
2025-01-14 00:00:00+05:30,23165.9,23264.95,23134.15,23176.05,0
2025-01-15 00:00:00+05:30,23250.45,23293.65,23146.45,23213.2,0
2025-01-16 00:00:00+05:30,23377.25,23391.65,23272.05,23311.8,0
2025-01-17 00:00:00+05:30,23277.1,23292.1,23100.35,23203.2,0
2025-01-20 00:00:00+05:30,23290.4,23391.1,23170.65,23344.75,0
2025-01-21 00:00:00+05:30,23421.65,23426.3,22976.85,23024.65,0
2025-01-22 00:00:00+05:30,23099.15,23169.55,22981.3,23155.35,0
2025-01-23 00:00:00+05:30,23128.3,23270.8,23090.65,23205.35,0
2025-01-24 00:00:00+05:30,23183.9,23347.3,23050,23092.2,0
2025-01-27 00:00:00+05:30,22940.15,23007.45,22786.9,22829.15,0
2025-01-28 00:00:00+05:30,22960.45,23137.95,22857.65,22957.25,0
2025-01-29 00:00:00+05:30,23026.75,23183.35,22976.5,23163.1,0
2025-01-30 00:00:00+05:30,23169.5,23322.05,23139.2,23249.5,0
2025-01-31 00:00:00+05:30,23296.75,23546.8,23277.4,23508.4,0
2025-02-01 00:00:00+05:30,23528.6,23632.45,23318.3,23482.15,0
2025-02-03 00:00:00+05:30,23319.35,23381.6,23222,23361.05,0
2025-02-04 00:00:00+05:30,23509.9,23762.75,23423.15,23739.25,0
2025-02-05 00:00:00+05:30,23801.75,23807.3,23680.45,23696.3,0
2025-02-06 00:00:00+05:30,23761.95,23773.55,23556.25,23603.35,0
2025-02-07 00:00:00+05:30,23649.5,23694.5,23443.2,23559.95,0
2025-02-10 00:00:00+05:30,23543.8,23568.6,23316.3,23381.6,0
2025-02-11 00:00:00+05:30,23383.55,23390.05,22986.65,23071.8,0
2025-02-12 00:00:00+05:30,23050.8,23144.7,22798.35,23045.25,0
2025-02-13 00:00:00+05:30,23055.75,23235.5,22992.2,23031.4,0
2025-02-14 00:00:00+05:30,23096.45,23133.7,22774.85,22929.25,0
2025-02-17 00:00:00+05:30,22809.9,22974.2,22725.45,22959.5,0
2025-02-18 00:00:00+05:30,22963.65,22992.5,22801.5,22945.3,0
2025-02-19 00:00:00+05:30,22847.25,23049.95,22814.85,22932.9,0
2025-02-20 00:00:00+05:30,22821.1,22923.85,22812.75,22913.15,0
2025-02-21 00:00:00+05:30,22857.2,22921,22720.3,22795.9,0
2025-02-24 00:00:00+05:30,22609.35,22668.05,22518.8,22553.35,0
2025-02-25 00:00:00+05:30,22516.45,22625.3,22513.9,22547.55,0
2025-02-27 00:00:00+05:30,22568.95,22613.3,22508.4,22545.05,0
2025-02-28 00:00:00+05:30,22433.4,22450.35,22104.85,22124.7,0
2025-03-03 00:00:00+05:30,22194.55,22261.55,22004.7,22119.3,0
2025-03-04 00:00:00+05:30,21974.45,22105.05,21964.6,22082.65,0
2025-03-05 00:00:00+05:30,22073.05,22394.9,22067.8,22337.3,0
2025-03-06 00:00:00+05:30,22476.35,22556.45,22245.85,22544.7,0
2025-03-07 00:00:00+05:30,22508.65,22633.8,22464.75,22552.5,0
2025-03-10 00:00:00+05:30,22521.85,22676.75,22429.05,22460.3,0
2025-03-11 00:00:00+05:30,22345.95,22522.1,22314.7,22497.9,0
2025-03-12 00:00:00+05:30,22536.35,22577.4,22329.55,22470.5,0
2025-03-13 00:00:00+05:30,22541.5,22558.05,22377.35,22397.2,0
2025-03-17 00:00:00+05:30,22353.15,22577,22353.15,22508.75,0
2025-03-18 00:00:00+05:30,22662.25,22857.8,22599.2,22834.3,0
2025-03-19 00:00:00+05:30,22874.95,22940.7,22807.95,22907.6,0
2025-03-20 00:00:00+05:30,23036.6,23216.7,22973.95,23190.65,0
2025-03-21 00:00:00+05:30,23168.25,23402.7,23132.8,23350.4,0
2025-03-24 00:00:00+05:30,23515.4,23708.75,23433.5,23658.35,0
2025-03-25 00:00:00+05:30,23751.5,23869.6,23601.4,23668.65,0
2025-03-26 00:00:00+05:30,23700.95,23736.5,23451.7,23486.85,0
2025-03-27 00:00:00+05:30,23433.95,23646.45,23412.2,23591.95,0
2025-03-28 00:00:00+05:30,23600.4,23649.2,23450.2,23519.35,0
2025-04-01 00:00:00+05:30,23341.1,23565.15,23136.4,23165.7,0
2025-04-02 00:00:00+05:30,23192.6,23350,23158.45,23332.35,0
2025-04-03 00:00:00+05:30,23150.3,23306.5,23145.8,23250.1,0
2025-04-04 00:00:00+05:30,23190.4,23214.7,22857.45,22904.45,0
2025-04-07 00:00:00+05:30,21758.4,22254,21743.65,22161.6,0
2025-04-08 00:00:00+05:30,22446.75,22697.2,22270.85,22535.85,0
2025-04-09 00:00:00+05:30,22460.3,22468.7,22353.25,22399.15,0
2025-04-11 00:00:00+05:30,22695.4,22923.9,22695.4,22828.55,0
2025-04-15 00:00:00+05:30,23368.35,23368.35,23207,23328.55,0
2025-04-16 00:00:00+05:30,23344.1,23452.2,23273.05,23437.2,0
2025-04-17 00:00:00+05:30,23401.85,23872.35,23298.55,23851.65,0
2025-04-21 00:00:00+05:30,23949.15,24189.55,23903.65,24125.55,0
2025-04-22 00:00:00+05:30,24185.4,24242.6,24072,24167.25,0
2025-04-23 00:00:00+05:30,24357.6,24359.3,24119.95,24328.95,0
2025-04-24 00:00:00+05:30,24277.9,24347.85,24216.15,24246.7,0
2025-04-25 00:00:00+05:30,24289,24365.45,23847.85,24039.35,0
2025-04-28 00:00:00+05:30,24070.25,24355.1,24054.05,24328.5,0
2025-04-29 00:00:00+05:30,24370.7,24457.65,24290.75,24335.95,0
2025-04-30 00:00:00+05:30,24342.05,24396.15,24198.75,24334.2,0
2025-05-02 00:00:00+05:30,24311.9,24589.15,24238.5,24346.7,0
2025-05-05 00:00:00+05:30,24419.5,24526.4,24400.65,24461.15,0
2025-05-06 00:00:00+05:30,24500.75,24509.65,24331.8,24379.6,0
2025-05-07 00:00:00+05:30,24233.3,24449.6,24220,24414.4,0
2025-05-08 00:00:00+05:30,24431.5,24447.25,24150.2,24273.8,0
2025-05-09 00:00:00+05:30,23935.75,24164.25,23935.75,24008,0
2025-05-12 00:00:00+05:30,24420.1,24944.8,24378.85,24924.7,0
2025-05-13 00:00:00+05:30,24864.05,24973.8,24547.5,24578.35,0
2025-05-14 00:00:00+05:30,24613.8,24767.55,24535.55,24666.9,0
2025-05-15 00:00:00+05:30,24694.45,25116.25,24494.45,25062.1,0
2025-05-16 00:00:00+05:30,25064.65,25070,24953.05,25019.8,0
2025-05-19 00:00:00+05:30,25005.35,25062.95,24916.65,24945.45,0
2025-05-20 00:00:00+05:30,24996.2,25010.35,24669.7,24683.9,0
2025-05-21 00:00:00+05:30,24744.25,24946.2,24685.35,24813.45,0
2025-05-22 00:00:00+05:30,24733.95,24737.5,24462.4,24609.7,0
2025-05-23 00:00:00+05:30,24639.5,24909.05,24614.05,24853.15,0
2025-05-26 00:00:00+05:30,24919.35,25079.2,24900.5,25001.15,0
2025-05-27 00:00:00+05:30,24956.65,25062.9,24704.1,24826.2,0
2025-05-28 00:00:00+05:30,24832.5,24864.25,24737.05,24752.45,0
2025-05-29 00:00:00+05:30,24825.1,24892.6,24677.3,24833.6,0
2025-05-30 00:00:00+05:30,24812.6,24863.95,24717.4,24750.7,0
2025-06-02 00:00:00+05:30,24669.7,24754.4,24526.15,24716.6,0
2025-06-03 00:00:00+05:30,24786.3,24845.1,24502.15,24542.5,0
2025-06-04 00:00:00+05:30,24560.45,24644.25,24530.45,24620.2,0
2025-06-05 00:00:00+05:30,24691.2,24899.85,24613.1,24750.9,0
2025-06-06 00:00:00+05:30,24748.7,25029.5,24671.45,25003.05,0
2025-06-09 00:00:00+05:30,25160.1,25160.1,25077.15,25103.2,0
2025-06-10 00:00:00+05:30,25196.05,25199.3,25055.45,25104.25,0
2025-06-11 00:00:00+05:30,25134.15,25222.4,25081.3,25141.4,0
2025-06-12 00:00:00+05:30,25164.45,25196.2,24825.9,24888.2,0
2025-06-13 00:00:00+05:30,24473,24754.35,24473,24718.6,0
2025-06-16 00:00:00+05:30,24732.35,24967.1,24703.6,24946.5,0
2025-06-17 00:00:00+05:30,24977.85,24982.05,24813.7,24853.4,0
2025-06-18 00:00:00+05:30,24788.35,24947.55,24750.45,24812.05,0
2025-06-19 00:00:00+05:30,24803.25,24863.1,24733.4,24793.25,0
2025-06-20 00:00:00+05:30,24787.65,25136.2,24783.65,25112.4,0
2025-06-23 00:00:00+05:30,24939.75,25057,24824.85,24971.9,0
2025-06-24 00:00:00+05:30,25179.9,25317.7,24999.7,25044.35,0
2025-06-25 00:00:00+05:30,25150.35,25266.8,25125.05,25244.75,0
2025-06-26 00:00:00+05:30,25268.95,25565.3,25259.9,25549,0
2025-06-27 00:00:00+05:30,25576.65,25654.2,25523.55,25637.8,0
2025-06-30 00:00:00+05:30,25661.65,25669.35,25473.3,25517.05,0
2025-07-01 00:00:00+05:30,25551.35,25593.4,25501.8,25541.8,0
2025-07-02 00:00:00+05:30,25588.3,25608.1,25378.75,25453.4,0
2025-07-03 00:00:00+05:30,25505.1,25587.5,25384.35,25405.3,0
2025-07-04 00:00:00+05:30,25428.85,25470.25,25331.65,25461,0
2025-07-07 00:00:00+05:30,25450.45,25489.8,25407.25,25461.3,0
2025-07-08 00:00:00+05:30,25427.85,25548.05,25424.15,25522.5,0
2025-07-09 00:00:00+05:30,25514.6,25548.7,25424.35,25476.1,0
2025-07-10 00:00:00+05:30,25511.65,25524.05,25340.45,25355.25,0
2025-07-11 00:00:00+05:30,25255.5,25322.45,25129,25149.85,0
2025-07-14 00:00:00+05:30,25149.5,25151.1,25001.95,25082.3,0
2025-07-15 00:00:00+05:30,25089.5,25245.2,25088.45,25195.8,0
2025-07-16 00:00:00+05:30,25196.6,25255.3,25121.05,25212.05,0
2025-07-17 00:00:00+05:30,25230.75,25238.35,25101,25111.45,0
2025-07-18 00:00:00+05:30,25108.55,25144.6,24918.65,24968.4,0
2025-07-21 00:00:00+05:30,24999,25111.4,24882.3,25090.7,0
2025-07-22 00:00:00+05:30,25166.65,25182,25035.55,25060.9,0
2025-07-23 00:00:00+05:30,25139.35,25233.5,25085.5,25219.9,0
2025-07-24 00:00:00+05:30,25243.3,25246.25,25018.7,25062.1,0
2025-07-25 00:00:00+05:30,25010.35,25010.35,24806.35,24837,0
2025-07-28 00:00:00+05:30,24782.45,24889.2,24646.6,24680.9,0
2025-07-29 00:00:00+05:30,24609.65,24847.15,24598.6,24821.1,0
2025-07-30 00:00:00+05:30,24890.4,24902.3,24771.95,24855.05,0
2025-07-31 00:00:00+05:30,24642.25,24956.5,24635,24768.35,0
2025-08-01 00:00:00+05:30,24734.9,24784.15,24535.05,24565.35,0
2025-08-04 00:00:00+05:30,24596.05,24736.25,24554,24722.75,0
2025-08-05 00:00:00+05:30,24720.25,24733.1,24590.3,24649.55,0
2025-08-06 00:00:00+05:30,24641.35,24671.4,24539.2,24574.2,0
2025-08-07 00:00:00+05:30,24464.2,24634.2,24344.15,24596.15,0
2025-08-08 00:00:00+05:30,24544.25,24585.5,24337.5,24363.3,0
2025-08-11 00:00:00+05:30,24371.5,24600.85,24347.45,24585.05,0
2025-08-12 00:00:00+05:30,24563.35,24702.6,24465.65,24487.4,0
2025-08-13 00:00:00+05:30,24586.2,24664.55,24535.25,24619.35,0
2025-08-14 00:00:00+05:30,24607.25,24673.65,24596.9,24631.3,0
2025-08-18 00:00:00+05:30,24938.2,25022,24852.85,24876.95,0
2025-08-19 00:00:00+05:30,24891.35,25012.65,24873.95,24980.65,0
2025-08-20 00:00:00+05:30,24965.8,25088.7,24929.7,25050.55,0
2025-08-21 00:00:00+05:30,25142,25153.65,25054.9,25083.75,0
2025-08-22 00:00:00+05:30,25064.15,25084.85,24859.15,24870.1,0
2025-08-25 00:00:00+05:30,24949.15,25021.55,24894.35,24967.75,0
2025-08-26 00:00:00+05:30,24899.5,24919.65,24689.6,24712.05,0
2025-08-28 00:00:00+05:30,24695.8,24702.65,24481.6,24500.9,0
2025-08-29 00:00:00+05:30,24466.7,24572.45,24404.7,24426.85,0